Modelo,Sabor,Precio,Estado,URL
"BLACK SHEEP 40K SWITCH","ACAI STRAW ACAI GRAPE","12,75","Agotado","https://italiashop.com.py/product/black-sheep-40k-switch-acai-straw-acai-grape/"
"BLACK SHEEP 40K SWITCH","BLUEBERRY BUBBLE SOUR GREEN APPLE","12,75","En stock","https://italiashop.com.py/product/black-sheep-40k-switch-blueberry-bubble-sour-green-apple/"
"BLACK SHEEP 40K SWITCH","BLUEBERRY GRAPE CHERRY BERRY","12,75","En stock","https://italiashop.com.py/product/black-sheep-40k-switch-blueberry-grape-cherry-berry/"
"BLACK SHEEP 40K SWITCH","FRESH MINT MANGO ORANGE","12,75","En stock","https://italiashop.com.py/product/black-sheep-40k-switch-fresh-mint-mango-orange/"
"BLACK SHEEP 40K SWITCH","GRAPE GRAPE MANGO","12,75","En stock","https://italiashop.com.py/product/black-sheep-40k-switch-grape-grape-mango/"
"BLACK SHEEP 40K SWITCH","GRAPE MENTHOL","12,75","En stock","https://italiashop.com.py/product/black-sheep-40k-switch-grape-menthol/"
"BLACK SHEEP 40K SWITCH","GRAPE PASS FRUIT","12,75","En stock","https://italiashop.com.py/product/black-sheep-40k-switch-grape-pass-fruit/"
"BLACK SHEEP 40K SWITCH","GRAPE/ENERGY DRINK","12,75","En stock","https://italiashop.com.py/product/black-sheep-40k-switch-grape-energy-drink/"
"BLACK SHEEP 40K SWITCH","GRAPEMANGO FRESH MINT","12,75","Agotado","https://italiashop.com.py/product/black-sheep-40k-switch-grapemango-fresh-mint/"
"BLACK SHEEP 40K SWITCH","KIWI GRAP ACAI STRAW BANANA","12,75","En stock","https://italiashop.com.py/product/black-sheep-40k-switch-kiwi-grap-acai-straw-banana/"
"BLACK SHEEP 40K SWITCH","MASTER GRAPE GRAPE","12,75","En stock","https://italiashop.com.py/product/black-sheep-40k-switch-master-grape-grape/"
"BLACK SHEEP 40K SWITCH","PASSION FRUIT STRAWBERRY WATERMELON","13,00","Agotado","https://italiashop.com.py/product/black-sheep-40k-switch-passion-fruit-strawberry-watermelon/"
"BLACK SHEEP 40K SWITCH","STRAWBERRY KIWI COLA LIME","12,75","En stock","https://italiashop.com.py/product/black-sheep-40k-switch-strawberry-kiwi-cola-lime/"
"BLACK SHEEP 40K SWITCH","STRAWBERRY KIWI FRESH MINT","12,75","En stock","https://italiashop.com.py/product/black-sheep-40k-switch-strawberry-kiwi-cola-lime-3/"
"BLACKSHEEP 25K","BLUEBERRY BUBBLE","6,85","Agotado","https://italiashop.com.py/product/blacksheep-25k-blueberry-bubble/"
"BLACKSHEEP 25K","COLA LIME","6,85","Agotado","https://italiashop.com.py/product/blacksheep-25k-cola-lime/"
"BLACKSHEEP 25K","GRAPE","6,85","Agotado","https://italiashop.com.py/product/blacksheep-25k-grape/"
"BLACKSHEEP 25K","MANGO GRAPE","6,85","Agotado","https://italiashop.com.py/product/blacksheep-25k-mango-grape/"
"BLACKSHEEP 25K","MINT ONE","6,85","Agotado","https://italiashop.com.py/product/blacksheep-25k-mint-one/"
"BLACKSHEEP 25K","PASSION FRUIT","6,85","Agotado","https://italiashop.com.py/product/blacksheep-25k-passion-fruit/"
"BLACKSHEEP 25K","SOUR GREEN APPLE","6,85","Agotado","https://italiashop.com.py/product/blacksheep-25k-sour-green-apple/"
"BLACKSHEEP 25K","STRAWBERRY BUBBLE","6,85","Agotado","https://italiashop.com.py/product/blacksheep-25k-strawberry-bubble/"
"BLACKSHEEP 25K","STRAWBERRY KIWI","6,85","Agotado","https://italiashop.com.py/product/blacksheep-25k-strawberry-kiwi/"
"BLACKSHEEP 55K","BLUE RAZZ ICE","12,50","En stock","https://italiashop.com.py/product/blacksheep-55k-cool-mint-2/"
"BLACKSHEEP 55K","BLUEBERRY WATERMELON","12,50","En stock","https://italiashop.com.py/product/blacksheep-55k-blueberry-watermelon/"
"BLACKSHEEP 55K","COOL MINT","12,50","En stock","https://italiashop.com.py/product/blacksheep-55k-cool-mint/"
"BLACKSHEEP 55K","LEMON HEADS","12,50","En stock","https://italiashop.com.py/product/blacksheep-55k-lemon-heads/"
"BLACKSHEEP 55K","MIAMI MINT","12,50","En stock","https://italiashop.com.py/product/blacksheep-55k-miami-mint/"
"BLACKSHEEP 55K","MIXED BERRY","12,50","En stock","https://italiashop.com.py/product/blacksheep-55k-mixed-berry/"
"BLACKSHEEP 55K","PASSION FRUIT","12,50","En stock","https://italiashop.com.py/product/blacksheep-55k-passion-fruit/"
"BLACKSHEEP 55K","STRAWBERRY BANANA","12,50","En stock","https://italiashop.com.py/product/blacksheep-55k-strawberry-banana/"
"BLACKSHEEP 55K","STRAWBERRY ICE","12,50","En stock","https://italiashop.com.py/product/blacksheep-55k-strawberry-ice/"
"BLACKSHEEP 55K","WATERMELON ICE","12,50","En stock","https://italiashop.com.py/product/blacksheep-55k-watermelon-ice/"
"BLACKSHEEP 55K","WHITE GRAPE","12,50","En stock","https://italiashop.com.py/product/blacksheep-55k-white-grape/"
"BLVK JUST JUICE 45K","DRAGON STRAWNANA","11,00","Agotado","https://italiashop.com.py/product/blvk-just-juice-45k-dragon-strawnana/"
"BLVK JUST JUICE 45K","GRAPE ICE","11,00","En stock","https://italiashop.com.py/product/blvk-just-juice-45k-grape-ice/"
"BLVK JUST JUICE 45K","GREEN APPLE","11,00","En stock","https://italiashop.com.py/product/blvk-just-juice-45k-green-apple/"
"BLVK JUST JUICE 45K","KIWI PASSION FRUIT","11,00","En stock","https://italiashop.com.py/product/blvk-just-juice-45k-kiwi-passion-fruit/"
"BLVK JUST JUICE 45K","MENTHOL","11,00","En stock","https://italiashop.com.py/product/blvk-just-juice-45k-menthol/"
"BLVK JUST JUICE 45K","SPEARMINT","11,00","En stock","https://italiashop.com.py/product/blvk-just-juice-45k-spearmint/"
"BLVK JUST JUICE 45K","STRAWBERRY ICE","11,00","En stock","https://italiashop.com.py/product/blvk-just-juice-45k-strawberry-ice/"
"BLVK JUST JUICE 45K","STRAWBERRY KIWI","11,00","En stock","https://italiashop.com.py/product/blvk-just-juice-45k-strawberry-kiwi/"
"BLVK JUST JUICE 45K","STRAWBERRY MANGO","11,00","En stock","https://italiashop.com.py/product/blvk-just-juice-45k-strawberry-mango/"
"BLVK JUST JUICE 45K","STRAWBERRY WATERM","11,00","En stock","https://italiashop.com.py/product/blvk-just-juice-45k-strawberry-waterm/"
"BLVK JUST JUICE 45K","WATERMELON ICE","11,00","En stock","https://italiashop.com.py/product/blvk-just-juice-45k-watermelon-ice/"
"EBCREATE BC PRO 40K","AURORA BERRIES","7,50","En stock","https://italiashop.com.py/product/ebcreate-bc-pro-40k-aurora-berries/"
"EBCREATE BC PRO 40K","BLACK MINT","7,50","Agotado","https://italiashop.com.py/product/ebcreate-bc-pro-40k-black-mint/"
"EBCREATE BC PRO 40K","BLACKBERRY GRAPE","8,25","Agotado","https://italiashop.com.py/product/ebcreate-bc-pro-40k-blackberry-grape/"
"EBCREATE BC PRO 40K","BLUE RAZZ ICE","7,50","En stock","https://italiashop.com.py/product/ebcreate-bc-pro-40k-blue-razz-ice/"
"EBCREATE BC PRO 40K","GOLDEN BERRY","7,50","En stock","https://italiashop.com.py/product/ebcreate-bc-pro-40k-golden-berry/"
"EBCREATE BC PRO 40K","GRAPE TWIST","8,25","Agotado","https://italiashop.com.py/product/ebcreate-bc-pro-40k-grape-twist/"
"EBCREATE BC PRO 40K","PINEAPPLE POM","7,50","En stock","https://italiashop.com.py/product/ebcreate-bc-pro-40k-pineapple-pom/"
"EBCREATE BC PRO 40K","SOUR FCUKING FAB","7,50","En stock","https://italiashop.com.py/product/ebcreate-bc-pro-40k-sour-fcuking-fab/"
"EBCREATE BC PRO 40K","STRAWBERRY BLEND","7,50","En stock","https://italiashop.com.py/product/ebcreate-bc-pro-40k-strawberry-blend/"
"EBCREATE BC PRO 40K","STRAWBERRY KIWI","7,50","En stock","https://italiashop.com.py/product/ebcreate-bc-pro-40k-strawberry-kiwi/"
"EBCREATE BC PRO 40K","STRAWBERRY RASPB FRO","7,50","En stock","https://italiashop.com.py/product/ebcreate-bc-pro-40k-strawberry-raspb-fro/"
"EBCREATE BC PRO 40K","TOASTED PINEAPPLE","7,50","En stock","https://italiashop.com.py/product/ebcreate-bc-pro-40k-toasted-pineapple/"
"EBCREATE BC PRO 40K","TRIPLE BERRY","7,50","En stock","https://italiashop.com.py/product/ebcreate-bc-pro-40k-triple-berry/"
"EBCREATE BC PRO 40K","TROPICAL BAJA","7,50","Agotado","https://italiashop.com.py/product/ebcreate-bc-pro-40k-tropical-baja/"
"EBCREATE BC PRO 40K","WATERMELON ICE","7,50","Agotado","https://italiashop.com.py/product/ebcreate-bc-pro-40k-watermelon-ice/"
"EBCREATE BC PRO 40K","WATERMELON PEACH FRO","7,50","En stock","https://italiashop.com.py/product/ebcreate-bc-pro-40k-watermelon-peach-fro/"
"EBCREATE BC PRO 40K","WINTER MINT","7,50","En stock","https://italiashop.com.py/product/ebcreate-bc-pro-40k-winter-mint/"
"ELFBAR 40K ICE KING","AMERICANO ICE","10,50","Agotado","https://italiashop.com.py/product/elfbar-40k-ice-king-americano-ice/"
"ELFBAR 40K ICE KING","BAJA SPLASH","10,50","En stock","https://italiashop.com.py/product/elfbar-40k-ice-king-baja-splash/"
"ELFBAR 40K ICE KING","BLUE RAZZ ICE","10,50","En stock","https://italiashop.com.py/product/elfbar-40k-ice-king-blue-razz-ice/"
"ELFBAR 40K ICE KING","BLUEBERRY ICE","10,50","En stock","https://italiashop.com.py/product/elfbar-40k-ice-king-blueberry-ice/"
"ELFBAR 40K ICE KING","BUBALOO TUTTI FRUIT","10,50","En stock","https://italiashop.com.py/product/elfbar-40k-ice-king-bubaloo-tutti-fruit/"
"ELFBAR 40K ICE KING","CHERRY FUSE","10,50","En stock","https://italiashop.com.py/product/elfbar-40k-ice-king-cherry-fuse/"
"ELFBAR 40K ICE KING","CHERRY STRAZZ","10,50","En stock","https://italiashop.com.py/product/elfbar-40k-ice-king-cherry-strazz/"
"ELFBAR 40K ICE KING","CRANBERRY PINEAPPLE","10,50","En stock","https://italiashop.com.py/product/elfbar-40k-ice-king-cranberry-pineapple/"
"ELFBAR 40K ICE KING","DOUBLE APPLE","10,50","Agotado","https://italiashop.com.py/product/elfbar-40k-ice-king-double-apple/"
"ELFBAR 40K ICE KING","DRAGON STRAWNANA","10,50","Agotado","https://italiashop.com.py/product/elfbar-40k-ice-king-dragon-strawnana/"
"ELFBAR 40K ICE KING","GRAPE ICE","10,50","En stock","https://italiashop.com.py/product/elfbar-40k-ice-king-grape-ice/"
"ELFBAR 40K ICE KING","GREEN APPLE","10,50","Agotado","https://italiashop.com.py/product/elfbar-40k-ice-king-green-apple/"
"ELFBAR 40K ICE KING","MANGO MAGIC","10,50","En stock","https://italiashop.com.py/product/elfbar-40k-ice-king-mango-magic/"
"ELFBAR 40K ICE KING","MELON GRAPE MENTHOL","10,50","En stock","https://italiashop.com.py/product/elfbar-40k-ice-king-melon-grape-menthol/"
"ELFBAR 40K ICE KING","MIAMI MINT","10,50","En stock","https://italiashop.com.py/product/elfbar-40k-ice-king-miami-mint/"
"ELFBAR 40K ICE KING","PEACH +","10,50","En stock","https://italiashop.com.py/product/elfbar-40k-ice-king-peach/"
"ELFBAR 40K ICE KING","PEACH MANGO WATER","10,50","En stock","https://italiashop.com.py/product/elfbar-40k-ice-king-peach-mango-water/"
"ELFBAR 40K ICE KING","SCARRY BERRY","10,50","Agotado","https://italiashop.com.py/product/elfbar-40k-ice-king-scarry-berry/"
"ELFBAR 40K ICE KING","SOUR APPLE ICE","10,50","Agotado","https://italiashop.com.py/product/elfbar-40k-ice-king-sour-apple-ice/"
"ELFBAR 40K ICE KING","SOUR LUSH GUMMY","10,50","Agotado","https://italiashop.com.py/product/elfbar-40k-ice-king-sour-lush-gummy/"
"ELFBAR 40K ICE KING","SOUR STRAW DRAGON","10,50","En stock","https://italiashop.com.py/product/elfbar-40k-ice-king-sour-straw-dragon/"
"ELFBAR 40K ICE KING","STRAWBERRY ICE","10,50","En stock","https://italiashop.com.py/product/elfbar-40k-ice-king-strawberry-ice/"
"ELFBAR 40K ICE KING","STRAWBERRY WATERMELON","10,50","Agotado","https://italiashop.com.py/product/elfbar-40k-ice-king-strawberry-watermelon/"
"ELFBAR 40K ICE KING","SUMER SPLASH","10,50","Agotado","https://italiashop.com.py/product/elfbar-40k-ice-king-sumer-splash/"
"ELFBAR 40K ICE KING","SUMMER GREEN APPLE SLUHS","10,50","Agotado","https://italiashop.com.py/product/elfbar-40k-ice-king-summer-green-apple-sluhs/"
"ELFBAR 40K ICE KING","TIGERS BLOOD","10,50","En stock","https://italiashop.com.py/product/elfbar-40k-ice-king-tigers-blood/"
"ELFBAR 40K ICE KING","WATERMELON ICE","10,50","En stock","https://italiashop.com.py/product/elfbar-40k-ice-king-watermelon-ice/"
"ELFBAR 40K SWEET KING","BLUE RAZZ B-POP","10,50","En stock","https://italiashop.com.py/product/elfbar-40k-sweet-king-blue-razz-b-pop/"
"ELFBAR 40K SWEET KING","BUBBALO GRAPE","10,50","En stock","https://italiashop.com.py/product/elfbar-40k-sweet-king-bubbalo-grape/"
"ELFBAR 40K SWEET KING","BUBBALO TUTTIF","10,50","En stock","https://italiashop.com.py/product/elfbar-40k-sweet-king-bubbalo-tuttif/"
"ELFBAR 40K SWEET KING","LEMON HEADS","10,50","Agotado","https://italiashop.com.py/product/elfbar-40k-sweet-king-lemon-heads/"
"ELFBAR 40K SWEET KING","RASPBERRY ORANGE","10,50","En stock","https://italiashop.com.py/product/elfbar-40k-sweet-king-raspberry-orange/"
"ELFBAR 40K SWEET KING","TRIPLE BERRY","10,50","En stock","https://italiashop.com.py/product/elfbar-40k-sweet-king-triple-berry/"
"ELFBAR 40K SWEET KING","WATERMELON ROLL UP","10,50","En stock","https://italiashop.com.py/product/elfbar-40k-sweet-king-watermelon-roll-up/"
"ELFBAR 40K SWEET KING","WINTERGREEN SAVERS","10,50","En stock","https://italiashop.com.py/product/elfbar-40k-sweet-king-wintergreen-savers/"
"ELFBAR 40K TRIO","BLACK MINT","10,25","Agotado","https://italiashop.com.py/product/elfbar-40k-trio-black-mint/"
"ELFBAR 40K TRIO","BLUE RAZZ ICE","10,25","Agotado","https://italiashop.com.py/product/elfbar-40k-trio-blue-razz-ice/"
"ELFBAR 40K TRIO","BLUEBERRY POM SLUSHY","10,25","En stock","https://italiashop.com.py/product/elfbar-40k-trio-blueberry-pom-slushy/"
"ELFBAR 40K TRIO","COOL MENTHOL","10,25","Agotado","https://italiashop.com.py/product/elfbar-40k-trio-cool-menthol/"
"ELFBAR 40K TRIO","LA GRAPE","10,25","Agotado","https://italiashop.com.py/product/elfbar-40k-trio-la-grape/"
"ELFBAR 40K TRIO","ORANGE BLAST","10,25","En stock","https://italiashop.com.py/product/elfbar-40k-trio-orange-blast/"
"ELFBAR 40K TRIO","PEACH TWIST","10,25","En stock","https://italiashop.com.py/product/elfbar-40k-trio-peach-twist/"
"ELFBAR 40K TRIO","PINEAPPLE LIME","10,25","Agotado","https://italiashop.com.py/product/elfbar-40k-trio-pineapple-lime/"
"ELFBAR 40K TRIO","POMEGRANATE BLAST","10,25","En stock","https://italiashop.com.py/product/elfbar-40k-trio-pomegranate-blast/"
"ELFBAR 40K TRIO","RASPBERRY WATERMELON","10,25","Agotado","https://italiashop.com.py/product/elfbar-40k-trio-raspberry-watermelon/"
"ELFBAR 40K TRIO","SAKURA GRAPE","10,25","En stock","https://italiashop.com.py/product/elfbar-40k-trio-sakura-grape/"
"ELFBAR 40K TRIO","SCARY BERRY","10,25","En stock","https://italiashop.com.py/product/elfbar-40k-trio-scary-berry/"
"ELFBAR 40K TRIO","SOUR STRAWBERRY DRAGON","10,25","En stock","https://italiashop.com.py/product/elfbar-40k-trio-sour-strawberry-dragon/"
"ELFBAR 40K TRIO","STRAWBERRY ORANGE L","10,25","En stock","https://italiashop.com.py/product/elfbar-40k-trio-sour-strawberry-orange-l/"
"ELFBAR 40K TRIO","WATERMELON ICE","10,25","Agotado","https://italiashop.com.py/product/elfbar-40k-trio-watermelon-ice/"
"ELFBAR BC 15K","AMERICANO ICE","7,00","En stock","https://italiashop.com.py/product/elfbar-bc-15k-americano-ice/"
"ELFBAR BC 15K","BLUE RAZZ ICE","7,00","En stock","https://italiashop.com.py/product/elfbar-bc-15k-blue-razz-ice/"
"ELFBAR BC 15K","BLUEBERRY ICE","7,00","En stock","https://italiashop.com.py/product/elfbar-bc-15k-blueberry-ice/"
"ELFBAR BC 15K","BUBBA GRAPE","7,00","En stock","https://italiashop.com.py/product/elfbar-bc-15k-bubba-grape/"
"ELFBAR BC 15K","ELF LOVE","7,00","Agotado","https://italiashop.com.py/product/elfbar-bc-15k-elf-love/"
"ELFBAR BC 15K","GREEN APPLE ICE","7,00","En stock","https://italiashop.com.py/product/elfbar-bc-15k-green-apple-ice/"
"ELFBAR BC 15K","ICY MINT","7,00","En stock","https://italiashop.com.py/product/elfbar-bc-15k-icy-mint/"
"ELFBAR BC 15K","KIWI PASS GUAVA","7,00","En stock","https://italiashop.com.py/product/elfbar-bc-15k-kiwi-pass-guava/"
"ELFBAR BC 15K","MANGO MAGIC","7,00","En stock","https://italiashop.com.py/product/elfbar-bc-15k-mango-magic/"
"ELFBAR BC 15K","MIAMI MINT","7,00","En stock","https://italiashop.com.py/product/elfbar-bc-15k-miami-mint/"
"ELFBAR BC 15K","PASSION FRUIT GRANGE GUAVA","7,00","En stock","https://italiashop.com.py/product/elfbar-bc-15k-passion-fruit-grange-guava/"
"ELFBAR BC 15K","PEACH MANGO WATERMELON","7,00","En stock","https://italiashop.com.py/product/elfbar-bc-15k-peach-mango-watermelon/"
"ELFBAR BC 15K","PINEAPPLE ICE","7,00","En stock","https://italiashop.com.py/product/elfbar-bc-15k-pineapple-ice/"
"ELFBAR BC 15K","SAKURA GRAPE","7,00","En stock","https://italiashop.com.py/product/elfbar-bc-15k-sakura-grape/"
"ELFBAR BC 15K","SOUR APPLE ICE","7,00","Agotado","https://italiashop.com.py/product/elfbar-bc-15k-sour-apple-ice/"
"ELFBAR BC 15K","STRAWBERRY ICE","7,00","En stock","https://italiashop.com.py/product/elfbar-bc-15k-strawberry-ice/"
"ELFBAR BC 15K","STRAWBERRY KIWI","7,00","En stock","https://italiashop.com.py/product/elfbar-bc-15k-strawberry-kiwi/"
"ELFBAR BC 15K","STRAWBERRY WATER","7,00","En stock","https://italiashop.com.py/product/elfbar-bc-15k-strawberry-water/"
"ELFBAR BC 15K","TROPICAL LEMONADE","7,00","En stock","https://italiashop.com.py/product/elfbar-bc-15k-tropical-lemonade/"
"ELFBAR BC 15K","WATERMELON ICE","7,00","En stock","https://italiashop.com.py/product/elfbar-bc-15k-watermelon-ice/"
"ELFBAR BC 45K PRO","AMERICANO ICE","12,00","En stock","https://italiashop.com.py/product/elfbar-bc-45k-pro-americano-ice/"
"ELFBAR BC 45K PRO","BLUEBERRY STRAWBERRY COCONUT ICE","12,00","Agotado","https://italiashop.com.py/product/elfbar-bc-45k-pro-blueberry-strawberry-coconut-ice/"
"ELFBAR BC 45K PRO","GRAPE ICE","12,00","Agotado","https://italiashop.com.py/product/elfbar-bc-45k-pro-grape-ice/"
"ELFBAR BC 45K PRO","GRAPE TWIST","12,50","Agotado","https://italiashop.com.py/product/elfbar-bc-45k-pro-grape-twist/"
"ELFBAR BC 45K PRO","GREEN APPLE ICE","12,00","Agotado","https://italiashop.com.py/product/elfbar-bc-45k-pro-green-apple-ice/"
"ELFBAR BC 45K PRO","MANGO MAGIC","12,00","Agotado","https://italiashop.com.py/product/elfbar-bc-45k-pro-mango-magic/"
"ELFBAR BC 45K PRO","MIAMI MINT","12,00","Agotado","https://italiashop.com.py/product/elfbar-bc-45k-pro-miami-mint/"
"ELFBAR BC 45K PRO","PINEAPPLE POM","12,00","Agotado","https://italiashop.com.py/product/elfbar-bc-45k-pro-pineapple-pom/"
"ELFBAR BC 45K PRO","STRAWBERRY ICE","12,00","Agotado","https://italiashop.com.py/product/elfbar-bc-45k-pro-strawberry-ice/"
"ELFBAR BC 45K PRO","STRAWBERRY KIWI","12,00","Agotado","https://italiashop.com.py/product/elfbar-bc-45k-pro-strawberry-kiwi/"
"ELFBAR BC 45K PRO","TROPICAL BAJA","12,00","Agotado","https://italiashop.com.py/product/elfbar-bc-45k-pro-tropical-baja/"
"ELFBAR BC 45K PRO","WATERMELON ICE","12,00","Agotado","https://italiashop.com.py/product/elfbar-bc-45k-pro-watermelon-ice/"
"ELFBAR BC 45K PRO","WATERMELON PEACH FROST","12,00","Agotado","https://italiashop.com.py/product/elfbar-bc-45k-pro-watermelon-peach-frost/"
"ELFBAR DISP TE30K 5%","ACAI BANANA ICE","9,75","Agotado","https://italiashop.com.py/product/elfbar-disp-te30k-5-acai-banana-ice/"
"ELFBAR DISP TE30K 5%","BANANA COCONUT ICE","9,75","Agotado","https://italiashop.com.py/product/elfbar-disp-te30k-5-banana-coconut-ice/"
"ELFBAR DISP TE30K 5%","BLUEBERRY ICE","9,75","En stock","https://italiashop.com.py/product/elfbar-disp-te30k-5-blueberry-ice/"
"ELFBAR DISP TE30K 5%","BLUEBERRY SOUR","9,75","Agotado","https://italiashop.com.py/product/elfbar-disp-te30k-5-blueberry-sour/"
"ELFBAR DISP TE30K 5%","BUBBALOO GRAPE","9,75","Agotado","https://italiashop.com.py/product/elfbar-disp-te30k-5-bubbaloo-grape/"
"ELFBAR DISP TE30K 5%","BUBBALOO TUTTI","9,75","En stock","https://italiashop.com.py/product/elfbar-disp-te30k-5-bubbaloo-tutti/"
"ELFBAR DISP TE30K 5%","CHERRY STRAZZ","9,75","En stock","https://italiashop.com.py/product/elfbar-disp-te30k-5-cherry-strazz/"
"ELFBAR DISP TE30K 5%","DRAGON STRAWNA","9,75","En stock","https://italiashop.com.py/product/elfbar-disp-te30k-5-dragon-strawna/"
"ELFBAR DISP TE30K 5%","ELF LOVE","9,75","Agotado","https://italiashop.com.py/product/elfbar-disp-te30k-5-elf-love/"
"ELFBAR DISP TE30K 5%","GREEN APPLE ICE","9,75","En stock","https://italiashop.com.py/product/elfbar-disp-te30k-5-green-apple-ice/"
"ELFBAR DISP TE30K 5%","GUAVA PASSION FRUIT KIWI","9,75","Agotado","https://italiashop.com.py/product/elfbar-disp-te30k-5-guava-passion-fruit-kiwi/"
"ELFBAR DISP TE30K 5%","MENTHOL","10,00","Agotado","https://italiashop.com.py/product/elfbar-disp-te30k-5-menthol/"
"ELFBAR DISP TE30K 5%","MIAMI MINT","9,75","Agotado","https://italiashop.com.py/product/elfbar-disp-te30k-5-miami-mint/"
"ELFBAR DISP TE30K 5%","PEACH MANGO WATER","9,75","En stock","https://italiashop.com.py/product/elfbar-disp-te30k-5-peach-mango-water/"
"ELFBAR DISP TE30K 5%","PINEAPPLE ICE","9,75","En stock","https://italiashop.com.py/product/elfbar-disp-te30k-5-pineapple-ice/"
"ELFBAR DISP TE30K 5%","PINEAPPLE MANGO","9,75","En stock","https://italiashop.com.py/product/elfbar-disp-te30k-5-pineapple-mango/"
"ELFBAR DISP TE30K 5%","SOUR LUSH GAMI","9,75","Agotado","https://italiashop.com.py/product/elfbar-disp-te30k-5-sour-lush-gami/"
"ELFBAR DISP TE30K 5%","STRAWBERRY ICE","9,75","Agotado","https://italiashop.com.py/product/elfbar-disp-te30k-5-strawberry-ice/"
"ELFBAR DISP TE30K 5%","STRAWBERRY WATERMELON ICE","9,75","En stock","https://italiashop.com.py/product/elfbar-disp-te30k-5-strawberry-watermelon-ice/"
"ELFBAR DISP TE30K 5%","STRAWMELON PEACH","9,75","En stock","https://italiashop.com.py/product/elfbar-disp-te30k-5-strawmelon-peach/"
"ELFBAR DISP TE30K 5%","WATERMELON ICE","9,75","Agotado","https://italiashop.com.py/product/elfbar-disp-te30k-5-watermelon-ice/"
"ELFBAR DISP TE30K 5%","WINTER MINT","9,75","Agotado","https://italiashop.com.py/product/elfbar-disp-te30k-5-winter-mint/"
"ELFBAR DUKE 35K","BLUE RAZZ ICE","9,85","En stock","https://italiashop.com.py/product/elfbar-duke-35k-blue-razz-ice/"
"ELFBAR DUKE 35K","BLUEBERRY ICE","9,50","Agotado","https://italiashop.com.py/product/elfbar-duke-35k/"
"ELFBAR DUKE 35K","BUBBALOO TUTTI FRUTTI","9,50","Agotado","https://italiashop.com.py/product/elfbar-duke-35k-2/"
"ELFBAR DUKE 35K","COCONUT STRAW","9,85","Agotado","https://italiashop.com.py/product/elfbar-duke-35k-coconut-straw/"
"ELFBAR DUKE 35K","FANTA GRAPE","9,85","En stock","https://italiashop.com.py/product/elfbar-duke-35k-fanta-grape/"
"ELFBAR DUKE 35K","GRAPE ICE","9,50","Agotado","https://italiashop.com.py/product/elfbar-duke-35k-grape-ice/"
"ELFBAR DUKE 35K","ICY MINT","9,85","Agotado","https://italiashop.com.py/product/elfbar-duke-35k-icy-mint/"
"ELFBAR DUKE 35K","KIWI PASS GUAVA","9,50","En stock","https://italiashop.com.py/product/elfbar-duke-35k-kiwi-pass-guava/"
"ELFBAR DUKE 35K","MANGO MAGIC","9,85","Agotado","https://italiashop.com.py/product/elfbar-duke-35k-mango-magic/"
"ELFBAR DUKE 35K","PEACH MANGO WATER","9,50","Agotado","https://italiashop.com.py/product/elfbar-duke-35k-peach-mango-water/"
"ELFBAR DUKE 35K","PINEAPPLE ICE","9,50","Agotado","https://italiashop.com.py/product/elfbar-duke-35k-pineapple-ice/"
"ELFBAR DUKE 35K","STRAW KIWI","9,85","Agotado","https://italiashop.com.py/product/elfbar-duke-35k-straw-kiwi/"
"ELFBAR DUKE 35K","WATERMELON ICE","9,50","Agotado","https://italiashop.com.py/product/elfbar-duke-35k-watermelon-ice/"
"ELFBAR DUKE 35K","WATERMELON LEMON","9,85","En stock","https://italiashop.com.py/product/elfbar-duke-35k-watermelon-lemon/"
"ELFBAR GH 23000","APPLE PEAR","9,50","Agotado","https://italiashop.com.py/product/elfbar-gh-23000-apple-pear/"
"ELFBAR GH 23000","BLUE RAZZ ICE","9,50","Agotado","https://italiashop.com.py/product/elfbar-gh-23000-blue-razz-ice/"
"ELFBAR GH 23000","BLUEBERRY PEAR","9,50","En stock","https://italiashop.com.py/product/elfbar-gh-23000-blueberry-pear/"
"ELFBAR GH 23000","GRAPE ICE","9,50","En stock","https://italiashop.com.py/product/elfbar-gh-23000-grape-ice/"
"ELFBAR GH 23000","KIWI DRAGON FRUIT","9,50","En stock","https://italiashop.com.py/product/elfbar-gh-23000-kiwi-dragon-fruit/"
"ELFBAR GH 23000","LIME GRAPEFRUIT ICE","9,50","Agotado","https://italiashop.com.py/product/elfbar-gh-23000-lime-grapefruit-ice/"
"ELFBAR GH 23000","MIAMI MINT","9,50","En stock","https://italiashop.com.py/product/elfbar-gh-23000-miami-mint/"
"ELFBAR GH 23000","PEACH MANGO WATERMELON","9,50","Agotado","https://italiashop.com.py/product/elfbar-gh-23000-peach-mango-watermelon/"
"ELFBAR GH 23000","PINEAPPLE PLUMS LIME MINT","9,50","Agotado","https://italiashop.com.py/product/elfbar-gh-23000-pineapple-plums-lime-mint/"
"ELFBAR GH 23000","SAKURA GRAPE","9,50","Agotado","https://italiashop.com.py/product/elfbar-gh-23000-sakura-grape/"
"ELFBAR GH 23000","STRAWBERRY BANANA","9,50","Agotado","https://italiashop.com.py/product/elfbar-gh-23000-strawberry-banana/"
"ELFBAR GH 23000","STRAWBERRY ICE","9,50","En stock","https://italiashop.com.py/product/elfbar-gh-23000-strawberry-ice/"
"ELFBAR GH 23000","WATERMELON ICE","9,50","Agotado","https://italiashop.com.py/product/elfbar-gh-23000-watermelon-ice/"
"ELFBAR GH 33K PRO","CHERRY POME PINEAPPLE","10,50","Agotado","https://italiashop.com.py/product/elfbar-gh-33k-pro-cherry-pome-pineapple/"
"ELFBAR GH 33K PRO","GRAPEFRUIT PASSION GUA","10,50","Agotado","https://italiashop.com.py/product/elfbar-gh-33k-pro-grapefruit-passion-gua/"
"ELFBAR GH 33K PRO","LEMON LIME","10,50","Agotado","https://italiashop.com.py/product/elfbar-gh-33k-pro-lemon-lime/"
"ELFBAR GH 33K PRO","PINE NEEDLES","10,50","Agotado","https://italiashop.com.py/product/elfbar-gh-33k-pro-pine-needles/"
"ELFBAR TE30K","AMERICANO ICE","9,75","En stock","https://italiashop.com.py/product/elfbar-te30k-black-americano-ice/"
"GEEKBAR Z35","BANANA TAFFY FREEZE","8,75","Agotado","https://italiashop.com.py/product/geekbar-z35-banana-taffy-freeze/"
"GEEKBAR Z35","BLACKBERRY BLUEBERRY","8,75","Agotado","https://italiashop.com.py/product/geekbar-z35-blackberry-blueberry/"
"GEEKBAR Z35","BLUE RAZZ ICE","8,75","Agotado","https://italiashop.com.py/product/geekbar-z35-blue-razz-ice/"
"GEEKBAR Z35","EXTREME MINT","8,75","Agotado","https://italiashop.com.py/product/geekbar-z35-extreme-mint/"
"GEEKBAR Z35","FROZEN PINA COLADA","8,75","Agotado","https://italiashop.com.py/product/geekbar-z35-frozen-pina-colada/"
"GEEKBAR Z35","FROZEN STRAWBERRY","8,75","Agotado","https://italiashop.com.py/product/geekbar-z35-frozen-strawberry/"
"GEEKBAR Z35","FROZEN WATERMELON","8,75","Agotado","https://italiashop.com.py/product/geekbar-z35-frozen-watermelon/"
"GEEKBAR Z35","GRAPE ICE","8,75","Agotado","https://italiashop.com.py/product/geekbar-z35-grape-ice/"
"GEEKBAR Z35","PASSIONFRUIT SOUR KIWI","8,75","En stock","https://italiashop.com.py/product/geekbar-z35-passionfruit-sour-kiwi/"
"GEEKBAR Z35","SOUR APPLE ICE","8,75","En stock","https://italiashop.com.py/product/geekbar-z35-sour-apple-ice/"
"GEEKBAR Z35","SOUR STRAWS","8,75","Agotado","https://italiashop.com.py/product/geekbar-z35-sour-straws/"
"GEEKBAR Z35","STONE FREEZE","8,75","Agotado","https://italiashop.com.py/product/geekbar-z35-stone-freeze/"
"GEEKBAR Z35","STRAWBERRY B-POP","8,75","Agotado","https://italiashop.com.py/product/geekbar-z35-strawberry-b-pop/"
"GEEKBAR Z35","STRAWBERRY KIWI ICE","8,75","Agotado","https://italiashop.com.py/product/geekbar-z35-strawberry-kiwi-ice/"
"GEEKBAR Z35","WHITE PEACH RASPBERRY","8,75","En stock","https://italiashop.com.py/product/geekbar-z35-white-peach-raspberry/"
"IGNITE P100 KIT METALIC GRAY","GRAPE ICE","9,00","En stock","https://italiashop.com.py/product/ignite-p100-kit-metalic-gray-grape-ice/"
"IGNITE P100 KIT METALIC GRAY","GREEN APPLE","9,00","En stock","https://italiashop.com.py/product/ignite-p100-kit-metalic-gray-green-apple/"
"IGNITE P100 KIT METALIC GRAY","ICY MINT","9,00","En stock","https://italiashop.com.py/product/ignite-p100-kit-metalic-gray-icy-mint/"
"IGNITE P100 KIT METALIC GRAY","MENTHOL","9,00","En stock","https://italiashop.com.py/product/ignite-p100-kit-metalic-gray-menthol/"
"IGNITE P100 KIT METALIC GRAY","STRAWBERRY","9,00","En stock","https://italiashop.com.py/product/ignite-p100-kit-metalic-gray-strawberry/"
"IGNITE P100 KIT METALIC GRAY","WATERMELON","9,00","En stock","https://italiashop.com.py/product/ignite-p100-kit-metalic-gray-watermelon/"
"IGNITE V-NANO","ACAI GRAPE","3,00","En stock","https://italiashop.com.py/product/ignite-v-nano-acai-grape/"
"IGNITE V-NANO","BANANA ICE","3,00","Agotado","https://italiashop.com.py/product/ignite-v-nano-banana-ice/"
"IGNITE V-NANO","BLUEBERRY RASPBERRY","3,00","En stock","https://italiashop.com.py/product/ignite-v-nano-blueberry-raspberry/"
"IGNITE V-NANO","CHERRY LEMONADE","3,00","Agotado","https://italiashop.com.py/product/ignite-v-nano-cherry-lemonade/"
"IGNITE V-NANO","COOL MENTHOL","3,00","Agotado","https://italiashop.com.py/product/ignite-v-nano-cool-menthol/"
"IGNITE V-NANO","GRAPE ICE","3,00","En stock","https://italiashop.com.py/product/ignite-v-nano-grape-ice/"
"IGNITE V-NANO","GREEN APPLE","3,00","En stock","https://italiashop.com.py/product/ignite-v-nano-green-apple/"
"IGNITE V-NANO","ICY MINT","3,00","En stock","https://italiashop.com.py/product/ignite-v-nano-icy-mint/"
"IGNITE V-NANO","PASSION FRUIT SOUR KIWI","3,00","En stock","https://italiashop.com.py/product/ignite-v-nano-passion-fruit-sour-kiwi/"
"IGNITE V-NANO","PINEAPPLE ICE","3,00","Agotado","https://italiashop.com.py/product/ignite-v-nano-pineapple-ice/"
"IGNITE V-NANO","STRAWBERRY ICE","3,00","En stock","https://italiashop.com.py/product/ignite-v-nano-strawberry-ice/"
"IGNITE V-NANO","TROPICAL FRUIT","3,00","En stock","https://italiashop.com.py/product/ignite-v-nano-tropical-fruit/"
"IGNITE V-NANO","VANILLA CREAM","3,00","En stock","https://italiashop.com.py/product/ignite-v-nano-vanilla-cream/"
"IGNITE V-NANO","WATERMELON ICE","3,00","En stock","https://italiashop.com.py/product/ignite-v-nano-watermelon-ice/"
"IGNITE V120","ALOE GRAPE","8,80","Agotado","https://italiashop.com.py/product/ignite-v120-aloe-grape/"
"IGNITE V150","PEPPERMINT CREAM","8,25","Agotado","https://italiashop.com.py/product/ignite-v150-peppermint-cream/"
"IGNITE V150 PRO","ALOE GRAPE","8,85","En stock","https://italiashop.com.py/product/ignite-v150-pro-aloe-grape/"
"IGNITE V150 PRO","BLUEBERRY ICE","8,85","En stock","https://italiashop.com.py/product/ignite-v150-pro-blueberry-ice/"
"IGNITE V150 PRO","CHERRY BANANA","8,85","Agotado","https://italiashop.com.py/product/ignite-v150-pro-cherry-banana/"
"IGNITE V150 PRO","CHERRY WATERMELON","8,85","Agotado","https://italiashop.com.py/product/ignite-v150-pro-cherry-watermelon/"
"IGNITE V150 PRO","DRAGON FRUIT LEMONADE","8,85","En stock","https://italiashop.com.py/product/ignite-v150-pro-dragon-fruit-lemonade/"
"IGNITE V150 PRO","GRAPE ICE","8,85","Agotado","https://italiashop.com.py/product/ignite-v150-pro-grape-ice/"
"IGNITE V150 PRO","GREEN APPLE","8,85","En stock","https://italiashop.com.py/product/ignite-v150-pro-green-apple/"
"IGNITE V150 PRO","GREEN APPLE PEACH KIWI","8,85","En stock","https://italiashop.com.py/product/ignite-v150-pro-green-apple-peach-kiwi/"
"IGNITE V150 PRO","LEMON ICE","8,85","Agotado","https://italiashop.com.py/product/ignite-v150-pro-lemon-ice/"
"IGNITE V150 PRO","PINEAPPLE ICE","8,85","Agotado","https://italiashop.com.py/product/ignite-v150-pro-pineapple-ice/"
"IGNITE V150 PRO","SOUR APPLE ICE","8,85","Agotado","https://italiashop.com.py/product/ignite-v150-pro-sour-apple-ice/"
"IGNITE V150 PRO","STRAW APPLE WATERMELON","8,85","Agotado","https://italiashop.com.py/product/ignite-v150-pro-straw-apple-watermelon/"
"IGNITE V155 MATTE BLACK","BANANA ICE","9,25","Agotado","https://italiashop.com.py/product/ignite-v155-matte-black-banana-ice/"
"IGNITE V155 MATTE BLACK","GREEN APPLE","9,25","Agotado","https://italiashop.com.py/product/ignite-v155-matte-black-green-apple/"
"IGNITE V155 MATTE BLACK","PINEAPPLE ICE","9,25","Agotado","https://italiashop.com.py/product/ignite-v155-matte-black-pineapple-ice/"
"IGNITE V155 MATTE BLACK","STRAW BANANA","9,25","Agotado","https://italiashop.com.py/product/ignite-v155-matte-black-straw-banana/"
"IGNITE V155 MATTE BLACK","STRAW WATER","9,25","Agotado","https://italiashop.com.py/product/ignite-v155-matte-black-starw-water/"
"IGNITE V155 MATTE BLACK","STRAWBERRY ICE","9,25","Agotado","https://italiashop.com.py/product/ignite-v155-matte-black-strawberry-ice/"
"IGNITE V155 MATTE BLACK","STRAWBERRY KIWI","9,25","Agotado","https://italiashop.com.py/product/ignite-v155-matte-black-strawberry-kiwi/"
"IGNITE V155 MATTE BLACK","WATERMELON DRAGON FRUIT","9,25","Agotado","https://italiashop.com.py/product/ignite-v155-matte-black-watermelon-dragon-fruit/"
"IGNITE V155 MATTE BLACK","WATERMELON ICE","9,25","Agotado","https://italiashop.com.py/product/ignite-v155-matte-black-watermelon-ice/"
"IGNITE V155 MATTE BLACK","WATERMELON MIX","9,25","Agotado","https://italiashop.com.py/product/ignite-v155-matte-black-watermelon-mix/"
"IGNITE V155 ORANGE","BANANA ICE","9,00","Agotado","https://italiashop.com.py/product/ignite-v155-orange-banana-ice/"
"IGNITE V155 ORANGE","BLUEBERRY ICE","9,00","Agotado","https://italiashop.com.py/product/ignite-v155-orange-blueberry-ice/"
"IGNITE V155 ORANGE","GRAPE ICE","9,00","Agotado","https://italiashop.com.py/product/ignite-v155-orange-grape-ice/"
"IGNITE V155 ORANGE","GREEN APPLE ICE","9,25","Agotado","https://italiashop.com.py/product/ignite-v155-orange-green-apple-ice/"
"IGNITE V155 ORANGE","ICY MINT","9,00","Agotado","https://italiashop.com.py/product/ignite-v155-orange-icy-mint/"
"IGNITE V155 ORANGE","KIWI PASS FRUIT","9,00","Agotado","https://italiashop.com.py/product/ignite-v155-orange-kiwi-pass-fruit/"
"IGNITE V155 ORANGE","PINEAPPLE ICE","9,00","Agotado","https://italiashop.com.py/product/ignite-v155-orange-pineapple-ice/"
"IGNITE V155 ORANGE","STRAW BANANA","9,00","Agotado","https://italiashop.com.py/product/ignite-v155-orange-straw-banana/"
"IGNITE V155 ORANGE","STRAWBERRY ICE","9,00","Agotado","https://italiashop.com.py/product/ignite-v155-orange-strawberry-ice/"
"IGNITE V155 ORANGE","STRAWBERRY KIWI","9,00","En stock","https://italiashop.com.py/product/ignite-v155-orange-strawberry-kiwi/"
"IGNITE V155 ORANGE","STRAWBERRY WATER","9,00","Agotado","https://italiashop.com.py/product/ignite-v155-orange-strawberry-water/"
"IGNITE V155 ORANGE","TROPICAL ACAI","9,25","Agotado","https://italiashop.com.py/product/ignite-v155-orange-tropical-acai/"
"IGNITE V155 ORANGE","WATERMELON DRAGON FRUIT","9,00","Agotado","https://italiashop.com.py/product/ignite-v155-orange-watermelon-dragon-fruit/"
"IGNITE V155 ORANGE","WATERMELON ICE","9,00","En stock","https://italiashop.com.py/product/ignite-v155-orange-watermelon-ice/"
"IGNITE V250 BLACK","ICY MINT","10,50","Agotado","https://italiashop.com.py/product/ignite-v250-black-icy-mint/"
"IGNITE V250 BLACK","PINEAPPLE ICE","10,50","Agotado","https://italiashop.com.py/product/ignite-v250-black-pineapple-ice/"
"IGNITE V250 BLACK","PINEAPPLE KIWI DRAGON","10,50","Agotado","https://italiashop.com.py/product/ignite-v250-black-pineapple-kiwi-dragon/"
"IGNITE V250 BLACK","STRAWBERRY KIWI","10,50","Agotado","https://italiashop.com.py/product/ignite-v250-black-strawberry-kiwi/"
"IGNITE V300 BLACK","BANANA COCONUT WATERMELON","11,50","Agotado","https://italiashop.com.py/product/ignite-v300-black-banana-coconut-watermelon/"
"IGNITE V300 BLACK","BLUEBERRY ICE","11,50","Agotado","https://italiashop.com.py/product/ignite-v300-black-blueberry-ice/"
"IGNITE V300 BLACK","CACTUS LIME SODA","11,50","Agotado","https://italiashop.com.py/product/ignite-v300-black-cactus-lime-soda/"
"IGNITE V300 BLACK","GRAPE ICE","11,50","Agotado","https://italiashop.com.py/product/ignite-v300-black-grape-ice/"
"IGNITE V300 BLACK","GREEN APPLE","11,50","Agotado","https://italiashop.com.py/product/ignite-v300-black-green-apple/"
"IGNITE V300 BLACK","ICY MENTHOL","11,50","Agotado","https://italiashop.com.py/product/ignite-v300-black-icy-menthol/"
"IGNITE V300 BLACK","ICY MINT","11,50","Agotado","https://italiashop.com.py/product/ignite-v300-black-icy-mint/"
"IGNITE V300 BLACK","MINT MELON","11,50","En stock","https://italiashop.com.py/product/ignite-v300-black-mint-melon/"
"IGNITE V300 BLACK","STRAWBERRY BANANA","11,50","Agotado","https://italiashop.com.py/product/ignite-v300-black-strawberry-banana/"
"IGNITE V300 BLACK","STRAWBERRY KIWI","11,50","Agotado","https://italiashop.com.py/product/ignite-v300-black-strawberry-kiwi/"
"IGNITE V300 BLACK","SWEET AND SOUR POME","11,50","Agotado","https://italiashop.com.py/product/ignite-v300-black-sweet-and-sour-pome/"
"IGNITE V300 BLACK","WATERMELON ICE","11,50","Agotado","https://italiashop.com.py/product/ignite-v300-black-watermelon-ice/"
"IGNITE V300 BLACK","WATERMELON MIX","11,50","Agotado","https://italiashop.com.py/product/ignite-v300-black-watermelon-mix/"
"IGNITE V300 ULTRA SLIM","ALOE GRAPE","11,30","En stock","https://italiashop.com.py/product/ignite-v300-ultra-slim-aloe-grape/"
"IGNITE V300 ULTRA SLIM","BANANA COCONUT WATER","11,30","En stock","https://italiashop.com.py/product/ignite-v300-ultra-slim-banana-coconut-water/"
"IGNITE V300 ULTRA SLIM","BANANA ICE","11,30","En stock","https://italiashop.com.py/product/ignite-ignite-v300-ultra-slim-banana-ice/"
"IGNITE V300 ULTRA SLIM","BLUEBERRY ICE","11,30","En stock","https://italiashop.com.py/product/ignite-v300-ultra-slim-blueberry-ice/"
"IGNITE V300 ULTRA SLIM","BLUEBERRY STRAW COCONUT","11,30","En stock","https://italiashop.com.py/product/ignite-v300-ultra-slim-blueberry-straw-coconut/"
"IGNITE V300 ULTRA SLIM","CACTUS LIME SODA","11,30","En stock","https://italiashop.com.py/product/ignite-v300-ultra-slim-cactus-lime-soda/"
"IGNITE V300 ULTRA SLIM","DRAGON FRUIT WATERMELON","11,30","En stock","https://italiashop.com.py/product/ignite-v300-ultra-slim-dragon-fruit-watermelon/"
"IGNITE V300 ULTRA SLIM","GRAPE ICE","11,30","En stock","https://italiashop.com.py/product/ignite-v300-ultra-slim-grape-ice/"
"IGNITE V300 ULTRA SLIM","GREEN APPLE","11,30","En stock","https://italiashop.com.py/product/ignite-v300-ultra-slim-green-apple/"
"IGNITE V300 ULTRA SLIM","ICY MINT","11,30","En stock","https://italiashop.com.py/product/ignite-v300-ultra-slim-icy-mint/"
"IGNITE V300 ULTRA SLIM","MENTHOL","11,30","En stock","https://italiashop.com.py/product/ignite-v300-ultra-slim-menthol/"
"IGNITE V300 ULTRA SLIM","MINTY MELON","11,30","En stock","https://italiashop.com.py/product/ignite-v300-ultra-slim-minty-melon/"
"IGNITE V300 ULTRA SLIM","PEACH MANGO","11,30","En stock","https://italiashop.com.py/product/ignite-v300-ultra-slim-peach-mango/"
"IGNITE V300 ULTRA SLIM","PINEAPPLE ICE","11,30","Agotado","https://italiashop.com.py/product/ignite-v300-ultra-slim-pineapple-ice/"
"IGNITE V300 ULTRA SLIM","PINEAPPLE KIWI DRAGON FRUIT","11,30","En stock","https://italiashop.com.py/product/ignite-v300-ultra-slim-pineapple-kiwi-dragon-fruit/"
"IGNITE V300 ULTRA SLIM","PINEAPPLE MANGO","11,30","Agotado","https://italiashop.com.py/product/ignite-v300-ultra-slim-pineapple-mango/"
"IGNITE V300 ULTRA SLIM","STRAWBERRY BANANA","11,30","En stock","https://italiashop.com.py/product/ignite-v300-ultra-slim-strawberry-banana/"
"IGNITE V300 ULTRA SLIM","STRAWBERRY ICE","11,30","En stock","https://italiashop.com.py/product/ignite-v300-ultra-slim-strawberry-ice/"
"IGNITE V300 ULTRA SLIM","STRAWBERRY KIWI","11,30","Agotado","https://italiashop.com.py/product/ignite-v300-ultra-slim-strawberry-kiwi/"
"IGNITE V300 ULTRA SLIM","SWEET AND SOUR POMEGRANATE","11,30","Agotado","https://italiashop.com.py/product/ignite-v300-ultra-slim-sweet-and-sour-pomegranate/"
"IGNITE V300 ULTRA SLIM","WATERMELON ICE","11,30","En stock","https://italiashop.com.py/product/ignite-v300-ultra-slim-watermelon-ice/"
"IGNITE V300 ULTRA SLIM","WATERMELON MIX","11,30","En stock","https://italiashop.com.py/product/ignite-v300-ultra-slim-watermelon-mix/"
"IGNITE V400 ICY","BLUEBERRY","11,00","Agotado","https://italiashop.com.py/product/ignite-v400-icy-blueberry/"
"IGNITE V400 ICY","CHERRY BANANA","11,00","Agotado","https://italiashop.com.py/product/ignite-v400-icy-cherry-banana-ice/"
"IGNITE V400 ICY","CHERRY WATERMELON ICE","11,00","Agotado","https://italiashop.com.py/product/ignite-v400-icy-cherry-watermelon-ice/"
"IGNITE V400 ICY","GRAPE","11,00","Agotado","https://italiashop.com.py/product/ignite-v400-icy-grape/"
"IGNITE V400 ICY","GRAPE BUBBLEGUM","11,00","En stock","https://italiashop.com.py/product/ignite-v400-icy-grape-2/"
"IGNITE V400 ICY","GRAPE MIX","11,00","Agotado","https://italiashop.com.py/product/ignite-v400-icy-grape-mix/"
"IGNITE V400 ICY","GRAPE PEACH","11,00","Agotado","https://italiashop.com.py/product/ignite-v400-icy-grape-peach/"
"IGNITE V400 ICY","MANGO","11,00","Agotado","https://italiashop.com.py/product/ignite-v400-icy-mango/"
"IGNITE V400 ICY","MENTHOL","11,00","Agotado","https://italiashop.com.py/product/ignite-v400-icy-menthol/"
"IGNITE V400 ICY","MINT","11,00","En stock","https://italiashop.com.py/product/ignite-v400-icy-mint/"
"IGNITE V400 ICY","PASS FUIT SOUR KIWI","11,00","Agotado","https://italiashop.com.py/product/ignite-v400-icy-pass-fuit-sour-kiwi/"
"IGNITE V400 ICY","PEACH","11,00","Agotado","https://italiashop.com.py/product/ignite-v400-icy-peach/"
"IGNITE V400 ICY","PEACH MANGO WATER","11,00","Agotado","https://italiashop.com.py/product/ignite-v400-icy-peach-mango-water/"
"IGNITE V400 ICY","PINEAPPLE","11,00","Agotado","https://italiashop.com.py/product/ignite-v400-icy-pineapple/"
"IGNITE V400 ICY","PINEAPPLE KIWI DRAGON FRUIT","11,00","Agotado","https://italiashop.com.py/product/ignite-v400-icy-pineapple-kiwi-dragon-fruit/"
"IGNITE V400 ICY","SAKURA GRAPE","11,00","En stock","https://italiashop.com.py/product/ignite-v400-icy-sakura-grape/"
"IGNITE V400 ICY","STRAWBERRY","11,00","Agotado","https://italiashop.com.py/product/ignite-v400-icy-strawberry/"
"IGNITE V400 ICY","STRAWBERRY APPLE WATER","11,00","Agotado","https://italiashop.com.py/product/ignite-v400-icy-strawberry-apple-water/"
"IGNITE V400 ICY","STRAWBERRY BANANA","11,00","Agotado","https://italiashop.com.py/product/ignite-v400-icy-strawberry-banana/"
"IGNITE V400 ICY","STRAWBERRY KIWI","11,00","Agotado","https://italiashop.com.py/product/ignite-v400-icy-strawberry-kiwi/"
"IGNITE V400 ICY","STRAWBERRY WATERMELON","11,00","En stock","https://italiashop.com.py/product/ignite-v400-icy-strawberry-watermelon/"
"IGNITE V400 ICY","TUTTI FRUIT MIX","11,00","Agotado","https://italiashop.com.py/product/ignite-v400-icy-tutti-fruit-mix/"
"IGNITE V400 ICY","WATERMELON ICE","11,00","Agotado","https://italiashop.com.py/product/ignite-v400-icy-watermelon-ice/"
"IGNITE V400 SWEET","BANANA CHERRY","11,00","En stock","https://italiashop.com.py/product/ignite-v400-sweet-banana-cherry/"
"IGNITE V400 SWEET","PINEAPPLE ICE","11,00","Agotado","https://italiashop.com.py/product/ignite-v400-sweet-pineapple-copia/"
"IGNITE V500","BANANA CHERRY","13,00","En stock","https://italiashop.com.py/product/ignite-v500-cherry-banana/"
"IGNITE V500","BLUEBERRY ICE","13,50","Agotado","https://italiashop.com.py/product/ignite-v400-icy-blue-raspberry/"
"IGNITE V500","COOL MENTHOL","13,50","Agotado","https://italiashop.com.py/product/ignite-v500-cool-menthol/"
"IGNITE V500","GRAPE ICE","13,50","Agotado","https://italiashop.com.py/product/ignite-v500-grape-ice/"
"IGNITE V500","GREEN APPLE","13,00","Agotado","https://italiashop.com.py/product/ignite-v500-green-apple/"
"IGNITE V500","GREEN APPLE PEACH KIWI","13,50","Agotado","https://italiashop.com.py/product/ignite-v500-green-apple-peach-kiwi/"
"IGNITE V500","ICY MINT","13,50","Agotado","https://italiashop.com.py/product/ignite-v500-icy-mint/"
"IGNITE V500","KIWI ACAI","13,00","En stock","https://italiashop.com.py/product/ignite-v500-kiwi-acai/"
"IGNITE V500","MANGO PASSIONFRUIT","13,00","Agotado","https://italiashop.com.py/product/ignite-v500-mango-passionfruit/"
"IGNITE V500","PEACH GRAPE","13,50","Agotado","https://italiashop.com.py/product/ignite-v500-peach-grape/"
"IGNITE V500","PINEAPPLE ICE","13,50","Agotado","https://italiashop.com.py/product/ignite-v500-pineapple-ice/"
"IGNITE V500","PINEAPPLE MANGO","13,50","Agotado","https://italiashop.com.py/product/ignite-v500-pineapple-mango/"
"IGNITE V500","STRAWBERRY APPLE WATERMELON","13,00","Agotado","https://italiashop.com.py/product/ignite-v500-strawberry-apple-watermelon/"
"IGNITE V500","STRAWBERRY BANANA","13,00","Agotado","https://italiashop.com.py/product/ignite-v500-strawberry-banana/"
"IGNITE V500","STRAWBERRY ICE","13,00","Agotado","https://italiashop.com.py/product/ignite-v500-strawberry-ice/"
"IGNITE V500","STRAWBERRY KIWI","13,00","Agotado","https://italiashop.com.py/product/ignite-v500-strawberry-kiwi/"
"IGNITE V500","STRAWBERRY WATERMELON","13,50","Agotado","https://italiashop.com.py/product/ignite-v500-strawberry-watermelon/"
"IGNITE V500","WATERMELON ICE","13,00","Agotado","https://italiashop.com.py/product/ignite-v500-watermelon-ice/"
"IGNITE V500","WATERMELON KIWI","13,00","En stock","https://italiashop.com.py/product/ignite-v500-watermelon-kiwi/"
"IGNITE V500","WATERMELON MIX","13,00","Agotado","https://italiashop.com.py/product/ignite-v500-watermelon-mix/"
"IGNITE VMIX 40K","ACAI ICE + WATER GRAPE","12,00","En stock","https://italiashop.com.py/product/ignite-vmix-40k-acai-ice-water-grape/"
"IGNITE VMIX 40K","ALOE GRAPE + STRAW WAT","12,00","Agotado","https://italiashop.com.py/product/ignite-vmix-40k-aloe-grape-straw-wat/"
"IGNITE VMIX 40K","APPLE ICE + STRAW WATERM","12,00","Agotado","https://italiashop.com.py/product/ignite-vmix-40k-apple-ice-straw-waterm/"
"IGNITE VMIX 40K","BANANA ICE + STRAWB ICE","12,00","Agotado","https://italiashop.com.py/product/ignite-vmix-40k-banana-ice-strawb-ice/"
"IGNITE VMIX 40K","BLUEBERRY ICE + RASP BLA","12,00","Agotado","https://italiashop.com.py/product/ignite-vmix-40k-blueberry-ice-rasp-bla/"
"IGNITE VMIX 40K","CHERRY ICE + WATERMEL IC","12,00","Agotado","https://italiashop.com.py/product/ignite-vmix-40k-cherry-ice-watermel-ic/"
"IGNITE VMIX 40K","GRAPE ICE + STRAWBERRY","12,00","Agotado","https://italiashop.com.py/product/ignite-vmix-40k-grape-ice-strawberry/"
"IGNITE VMIX 40K","GRAPE POP + PEACH ICE","12,00","Agotado","https://italiashop.com.py/product/ignite-vmix-40k-grape-pop-peach-ice/"
"IGNITE VMIX 40K","ICY MINT + PEACH GRAPE","12,00","En stock","https://italiashop.com.py/product/ignite-vmix-40k-icy-mint-peach-grape/"
"IGNITE VMIX 40K","MANGO ICE + PASS FRUI GU","12,00","En stock","https://italiashop.com.py/product/ignite-vmix-40k-mango-ice-pass-frui-gu/"
"IGNITE VMIX 40K","MANGO ICE + PEACH WAT IC","12,00","En stock","https://italiashop.com.py/product/ignite-vmix-40k-mango-ice-peach-wat-ic/"
"IGNITE VMIX 40K","MENTHOL + MIGHTY MELON","12,00","En stock","https://italiashop.com.py/product/ignite-vmix-40k-menthol-mighty-melon/"
"IGNITE VMIX 40K","NEW BANANA CHERRY + GRAPE ICE","12,00","En stock","https://italiashop.com.py/product/ignite-vmix-40k-new-banana-cherry-grape-ice/"
"IGNITE VMIX 40K","NEW BLUEBERRY + STRAWBERRY","12,00","En stock","https://italiashop.com.py/product/ignite-vmix-40k-new-blueberry-strawberry/"
"IGNITE VMIX 40K","NEW CHERRY + GRAPE ICE","12,00","En stock","https://italiashop.com.py/product/ignite-vmix-40k-new-cherry-grape-ice/"
"IGNITE VMIX 40K","NEW GRAPE ICE + STRAWBERRY","12,00","En stock","https://italiashop.com.py/product/ignite-vmix-40k-new-grape-ice-strawberry/"
"IGNITE VMIX 40K","NEW ICY MINT + MENTHOL","12,00","En stock","https://italiashop.com.py/product/ignite-vmix-40k-new-icy-mint-menthol/"
"IGNITE VMIX 40K","NEW ICY MINT + PEACH GRAPE","12,00","En stock","https://italiashop.com.py/product/ignite-vmix-40k-new-icy-mint-peach-grape/"
"IGNITE VMIX 40K","NEW KIWI PASSION GUAVA ICE + STRAWBERRY ICE","12,00","En stock","https://italiashop.com.py/product/ignite-vmix-40k-new-kiwi-passion-guava-ice-strawberry-ice/"
"IGNITE VMIX 40K","NEW MANGO ICE + PASSION FRUIT","12,00","En stock","https://italiashop.com.py/product/ignite-vmix-40k-new-mango-ice-passion-fruit/"
"IGNITE VMIX 40K","NEW MENTHOL + MIGHTY MELON","12,00","En stock","https://italiashop.com.py/product/ignite-vmix-40k-new-menthol-mighty-melon/"
"IGNITE VMIX 40K","NEW PINEAPPLE + COCONUT","12,00","En stock","https://italiashop.com.py/product/ignite-vmix-40k-new-pineapple-coconut/"
"IGNITE VMIX 40K","NEW PINEAPPLE + PASSION FRUIT","12,00","En stock","https://italiashop.com.py/product/ignite-vmix-40k-new-pineapple-passion-fruit/"
"IGNITE VMIX 40K","NEW RASPBERRY ICE + WATERMELON ICE","12,00","En stock","https://italiashop.com.py/product/ignite-vmix-40k-new-raspberry-ice-watermelon-ice/"
"IGNITE VMIX 40K","NEW STRAWBERRY GRAPE ICE + KIWI WATERMELON ICE","12,00","En stock","https://italiashop.com.py/product/ignite-vmix-40k-new-strawberry-grape-ice-kiwi-watermelon-ice/"
"IGNITE VMIX 40K","NEW STRAWBERRY KIWI ICE + GRAPE KIWI ICE","12,00","En stock","https://italiashop.com.py/product/ignite-vmix-40k-new-strawberry-kiwi-ice-grape-kiwi-ice/"
"IGNITE VMIX 40K","NEW STRAWBERRY LEMON + GRAPE ICE","12,00","En stock","https://italiashop.com.py/product/ignite-vmix-40k-new-strawberry-lemon-grape-ice/"
"IGNITE VMIX 40K","NEW TRIPLE BERRY ICE + GRAPE ICE","12,00","En stock","https://italiashop.com.py/product/ignite-vmix-40k-new-triple-berry-ice-grape-ice/"
"IGNITE VMIX 40K","NEW WATERMELON ICE + GRAPE ICE","12,00","En stock","https://italiashop.com.py/product/ignite-vmix-40k-new-watermelon-ice-grape-ice/"
"IGNITE VMIX 40K","ORANGE ICE + STRAWB ICE","12,00","Agotado","https://italiashop.com.py/product/ignite-vmix-40k-orange-ice-strawb-ice/"
"IGNITE VMIX 40K","PINEAPPLE ICE + PASS FRU","12,00","Agotado","https://italiashop.com.py/product/ignite-vmix-40k-pineapple-ice-pass-fru/"
"IGNITE VMIX 40K","STRAWB ICE + PINN MANGO","12,00","Agotado","https://italiashop.com.py/product/ignite-vmix-40k-strawb-ice-pinn-mango/"
"IGNITE VMIX 40K","STRAWB MANGO ICE + BANAN","12,00","Agotado","https://italiashop.com.py/product/ignite-vmix-40k-strawb-mango-ice-banan/"
"IGNITE VMIX 40K","WATERMELO ICE + GRAPE IC","12,00","Agotado","https://italiashop.com.py/product/ignite-vmix-40k-watermelo-ice-grape-ic/"
"LIFE POD ECO II CART 10K","BANANA CUSTARD","7,50","Agotado","https://italiashop.com.py/product/life-pod-eco-ii-cart-10k-banana-custard/"
"LIFE POD ECO II CART 10K","BANANA ICE","7,50","Agotado","https://italiashop.com.py/product/life-pod-eco-ii-cart-10k-banana-ice/"
"LIFE POD ECO II CART 10K","BLACK BERRY ICE","7,50","Agotado","https://italiashop.com.py/product/life-pod-eco-ii-cart-10k-black-berry-ice/"
"LIFE POD ECO II CART 10K","BLACKBERRY HULL","7,50","Agotado","https://italiashop.com.py/product/life-pod-eco-ii-cart-10k-blackberry-hull/"
"LIFE POD ECO II CART 10K","BLUE RAZZ ICE","7,50","Agotado","https://italiashop.com.py/product/life-pod-eco-ii-cart-10k-blue-razz-ice/"
"LIFE POD ECO II CART 10K","BLUEBERRY MINT","7,50","Agotado","https://italiashop.com.py/product/life-pod-eco-ii-cart-10k-blueberry-mint/"
"LIFE POD ECO II CART 10K","BLUEBERRY STRAW","7,50","Agotado","https://italiashop.com.py/product/life-pod-eco-ii-cart-10k-blueberry-straw/"
"LIFE POD ECO II CART 10K","BLUEBERRY WATER","7,50","Agotado","https://italiashop.com.py/product/life-pod-eco-ii-cart-10k-blueberry-water/"
"LIFE POD ECO II CART 10K","CANDY ICE","7,50","Agotado","https://italiashop.com.py/product/life-pod-eco-ii-cart-10k-candy-ice/"
"LIFE POD ECO II CART 10K","CAPUCCINO","7,50","En stock","https://italiashop.com.py/product/life-pod-eco-ii-cart-10k-capuccino/"
"LIFE POD ECO II CART 10K","CHERRY BUBBLEG","7,50","Agotado","https://italiashop.com.py/product/life-pod-eco-ii-cart-10k-cherry-bubbleg/"
"LIFE POD ECO II CART 10K","CHERRY LIME ICE","7,50","Agotado","https://italiashop.com.py/product/life-pod-eco-ii-cart-10k-cherry-lime-ice/"
"LIFE POD ECO II CART 10K","COCONUT WATER","7,50","Agotado","https://italiashop.com.py/product/life-pod-eco-ii-cart-10k-coconut-water/"
"LIFE POD ECO II CART 10K","DRAG BLUERAZZ","7,50","Agotado","https://italiashop.com.py/product/life-pod-eco-ii-cart-10k-drag-bluerazz/"
"LIFE POD ECO II CART 10K","DRAGON FRUIT","7,50","Agotado","https://italiashop.com.py/product/life-pod-eco-ii-cart-10k-dragon-fruit/"
"LIFE POD ECO II CART 10K","GRAPE","7,50","En stock","https://italiashop.com.py/product/life-pod-eco-ii-cart-10k-grape/"
"LIFE POD ECO II CART 10K","GRAPE BUBBLEGUM","7,50","Agotado","https://italiashop.com.py/product/life-pod-eco-ii-cart-10k-grape-bubblegum/"
"LIFE POD ECO II CART 10K","GRAPE HONEYDEW","7,50","En stock","https://italiashop.com.py/product/life-pod-eco-ii-cart-10k-grape-honeydew/"
"LIFE POD ECO II CART 10K","GREEN APPLE","7,50","Agotado","https://italiashop.com.py/product/life-pod-eco-ii-cart-10k-green-apple/"
"LIFE POD ECO II CART 10K","GREEN GRAPE","7,50","Agotado","https://italiashop.com.py/product/life-pod-eco-ii-cart-10k-green-grape/"
"LIFE POD ECO II CART 10K","KIWI BERRIES","7,50","Agotado","https://italiashop.com.py/product/life-pod-eco-ii-cart-10k-kiwi-berries/"
"LIFE POD ECO II CART 10K","LOVE 66","7,50","En stock","https://italiashop.com.py/product/life-pod-eco-ii-cart-10k-love-66/"
"LIFE POD ECO II CART 10K","MENTHOL","7,50","Agotado","https://italiashop.com.py/product/life-pod-eco-ii-cart-10k-menthol/"
"LIFE POD ECO II CART 10K","MIAMI MINT","7,50","Agotado","https://italiashop.com.py/product/life-pod-eco-ii-cart-10k-miami-mint/"
"LIFE POD ECO II CART 10K","MINT BUBBLEGUM","7,50","Agotado","https://italiashop.com.py/product/life-pod-eco-ii-cart-10k-mint-bubblegum/"
"LIFE POD ECO II CART 10K","MINT WATER BERRIES","7,50","Agotado","https://italiashop.com.py/product/life-pod-eco-ii-cart-10k-mint-water-berries/"
"LIFE POD ECO II CART 10K","MONSTER DRINK","7,50","Agotado","https://italiashop.com.py/product/life-pod-eco-ii-cart-10k-monster-drink/"
"LIFE POD ECO II CART 10K","PASSION FRUIT","7,50","Agotado","https://italiashop.com.py/product/life-pod-eco-ii-cart-10k-passion-fruit/"
"LIFE POD ECO II CART 10K","PASSION MANGO","7,50","Agotado","https://italiashop.com.py/product/life-pod-eco-ii-cart-10k-passion-mango/"
"LIFE POD ECO II CART 10K","PEACH MANGO","7,50","Agotado","https://italiashop.com.py/product/life-pod-eco-ii-cart-10k-peach-mango/"
"LIFE POD ECO II CART 10K","PINK LEMONADE","7,50","Agotado","https://italiashop.com.py/product/life-pod-eco-ii-cart-10k-pink-lemonade/"
"LIFE POD ECO II CART 10K","POLAR ICE","7,50","Agotado","https://italiashop.com.py/product/life-pod-eco-ii-cart-10k-polar-ice/"
"LIFE POD ECO II CART 10K","STRAW BUBBLEGUM","7,50","En stock","https://italiashop.com.py/product/life-pod-eco-ii-cart-10k-straw-bubblegum/"
"LIFE POD ECO II CART 10K","STRAW COCONUT","7,50","Agotado","https://italiashop.com.py/product/life-pod-eco-ii-cart-10k-straw-coconut/"
"LIFE POD ECO II CART 10K","STRAW KIWI","7,50","Agotado","https://italiashop.com.py/product/life-pod-eco-ii-cart-10k-straw-kiwi/"
"LIFE POD ECO II CART 10K","STRAW WATER","7,50","Agotado","https://italiashop.com.py/product/life-pod-eco-ii-cart-10k-straw-water/"
"LIFE POD ECO II CART 10K","STRONG APPLE","7,50","Agotado","https://italiashop.com.py/product/life-pod-eco-ii-cart-10k-strong-apple/"
"LIFE POD ECO II CART 10K","SUMMER LOVE","7,50","Agotado","https://italiashop.com.py/product/life-pod-eco-ii-cart-10k-summer-love/"
"LIFE POD ECO II CART 10K","WATERMELON","7,50","Agotado","https://italiashop.com.py/product/life-pod-eco-ii-cart-10k-watermelon/"
"LIFE POD ECO II CART 10K","WATERMELON BUBB","7,50","Agotado","https://italiashop.com.py/product/life-pod-eco-ii-cart-10k-watermelon-bubb/"
"LIFE POD ECO II CART 10K","WATERMELON PEACH","7,50","Agotado","https://italiashop.com.py/product/life-pod-eco-ii-cart-10k-watermelon-peach/"
"LIFE POD ECO II CART 10K","WHITE MOCHA","7,50","Agotado","https://italiashop.com.py/product/life-pod-eco-ii-cart-10k-white-mocha/"
"LIFE POD ECO II CART 10K","WHITE PEACH BERRIES","7,50","Agotado","https://italiashop.com.py/product/life-pod-eco-ii-cart-10k-white-peach-berries/"
"LIFE POD ECO III CART","BLUEBERRY BUBBLEGUM","8,25","En stock","https://italiashop.com.py/product/life-pod-eco-iii-cart-blueberry-bubblegum/"
"LIFE POD ECO III CART","CHERRY BUBBLEGUM","8,25","En stock","https://italiashop.com.py/product/life-pod-eco-iii-cart-cherry-bubblegum/"
"LIFE POD ECO III CART","GRAPE BUBBLEGUM","8,25","En stock","https://italiashop.com.py/product/life-pod-eco-iii-cart-grape-bubblegum/"
"LIFE POD ECO III CART","GREEN APPLE","8,25","Agotado","https://italiashop.com.py/product/life-pod-eco-iii-cart-green-apple/"
"LIFE POD ECO III CART","GREEN GRAPE","8,25","En stock","https://italiashop.com.py/product/life-pod-eco-iii-cart-green-grape/"
"LIFE POD ECO III CART","LOVE 66","8,25","Agotado","https://italiashop.com.py/product/life-pod-eco-iii-cart-love-66/"
"LIFE POD ECO III CART","MANGO BUBBLEGUM","8,25","En stock","https://italiashop.com.py/product/life-pod-eco-iii-cart-mango-bubblegum/"
"LIFE POD ECO III CART","MIAMI MINT","8,25","Agotado","https://italiashop.com.py/product/life-pod-eco-iii-cart-miami-mint/"
"LIFE POD ECO III CART","MINT BUBBLEGUM","8,25","En stock","https://italiashop.com.py/product/life-pod-eco-iii-cart-mint-bubblegum/"
"LIFE POD ECO III CART","PASSIONT FRUIT BUBBLEGUM","8,25","Agotado","https://italiashop.com.py/product/life-pod-eco-iii-cart-passiont-fruit-bubblegum/"
"LIFE POD ECO III CART","STRAWBERRY BUBBLEGUM","8,25","En stock","https://italiashop.com.py/product/life-pod-eco-iii-cart-strawberry-bubblegum/"
"LIFE POD ECO III CART","STRAWBERRY KIWI","8,25","Agotado","https://italiashop.com.py/product/life-pod-eco-iii-cart-strawberry-kiwi/"
"LIFE POD ECO III CART","WATERMELON BUBBLEGUM","8,25","En stock","https://italiashop.com.py/product/life-pod-eco-iii-cart-watermelon-bubblegum/"
"LIFE POD THE ONE CARBON","BLUERAZZ BBG","10,00","En stock","https://italiashop.com.py/product/life-pod-the-one-carbon-bluerazz-bbg/"
"LIFE POD THE ONE CARBON","COCONUT WATERMELON","10,00","En stock","https://italiashop.com.py/product/life-pod-the-one-carbon-coconut-watermelon/"
"LIFE POD THE ONE CARBON","MIAMI MINT","10,00","En stock","https://italiashop.com.py/product/life-pod-the-one-carbon-miami-mint/"
"LIFE POD THE ONE CARBON","SPEARMINT","10,00","En stock","https://italiashop.com.py/product/life-pod-the-one-carbon-spearmint/"
"LIFE POD THE ONE CARBON","STRAWBERRY BBG","10,00","En stock","https://italiashop.com.py/product/life-pod-the-one-carbon-strawberry-bbg/"
"LIFE POD THE ONE CARBON","WATERMELON BBG","10,00","En stock","https://italiashop.com.py/product/life-pod-the-one-carbon-watermelon-bbg/"
"LIFE POD THE ONE GRAY","STRAW BBG","10,00","Agotado","https://italiashop.com.py/product/life-pod-the-one-gray-straw-bbg/"
"LOST MARY DURA 35000","GRAPE ICE","8,75","Agotado","https://italiashop.com.py/product/lost-mary-dura-35000-grape-ice/"
"LOST MARY DURA 35000","GRAPEFRUIT PASS","8,75","En stock","https://italiashop.com.py/product/lost-mary-dura-35000-grapefruit-pass/"
"LOST MARY DURA 35000","GREEN APPLE","8,75","Agotado","https://italiashop.com.py/product/lost-mary-dura-35000-green-apple/"
"LOST MARY DURA 35000","HAWAIIAN JUICE","8,75","En stock","https://italiashop.com.py/product/lost-mary-dura-35000-hawaiian-juice/"
"LOST MARY DURA 35000","HAWAIIAN MINT","8,75","En stock","https://italiashop.com.py/product/lost-mary-dura-35000-hawaiian-mint/"
"LOST MARY DURA 35000","MANGO ICE","9,25","Agotado","https://italiashop.com.py/product/lost-mary-dura-35000-mango-ice/"
"LOST MARY DURA 35000","MIAMI MINT","8,75","Agotado","https://italiashop.com.py/product/lost-mary-dura-35000-miami-mint/"
"LOST MARY DURA 35000","PINEAPPLE ICE","8,75","Agotado","https://italiashop.com.py/product/lost-mary-dura-35000-pineapple-ice/"
"LOST MARY DURA 35000","POME CHERRY PINEAPPLE","8,75","En stock","https://italiashop.com.py/product/lost-mary-dura-35000-pome-cherry-pineapple/"
"LOST MARY DURA 35000","STRAWBERRY ICE","8,75","Agotado","https://italiashop.com.py/product/lost-mary-dura-35000-strawberry-ice/"
"LOST MARY DURA 35000","STRAWBERRY KIWI","8,75","Agotado","https://italiashop.com.py/product/lost-mary-dura-35000-strawberry-kiwi/"
"LOST MARY DURA 35000","STRAWBERRY WATERMEL","8,75","Agotado","https://italiashop.com.py/product/lost-mary-dura-35000-strawberry-watermel/"
"LOST MARY DURA 35000","SUMMER ORANGE","8,75","Agotado","https://italiashop.com.py/product/lost-mary-dura-35000-summer-orange/"
"LOST MARY DURA 35000","WATERMELON ICE","8,75","Agotado","https://italiashop.com.py/product/lost-mary-dura-35000-watermelon-ice/"
"LOST MARY MT20.000","BERRY BURST","7,00","En stock","https://italiashop.com.py/product/lost-mary-mt15000-miami-mint/"
"LOST MARY MT20.000","BLUE RAZZ ICE","7,00","Agotado","https://italiashop.com.py/product/lost-mary-mt20-000-blue-razz/"
"LOST MARY MT20.000","GRAPE ICE","7,00","En stock","https://italiashop.com.py/product/lost-mary-mt20-000-grape-ice/"
"LOST MARY MT20.000","HAWAIAN JUICE","7,00","En stock","https://italiashop.com.py/product/lost-mary-mt20-000-hawaian-juice/"
"LOST MARY MT20.000","MIAMI MINT","7,00","En stock","https://italiashop.com.py/product/lost-mary-mt20-000-miami-mint/"
"LOST MARY MT20.000","NANA COCONUT","7,00","En stock","https://italiashop.com.py/product/lost-mary-mt20-000-nana-coconut/"
"LOST MARY MT20.000","PINEAPPLE LEMON","7,00","En stock","https://italiashop.com.py/product/lost-mary-mt20-000-pineapple-coconut/"
"LOST MARY MT20.000","ROCKET FREEZE","7,00","En stock","https://italiashop.com.py/product/lost-mary-mt20-000-rocket-freeze/"
"LOST MARY MT20.000","SOUR STRAW DRAGON","7,00","Agotado","https://italiashop.com.py/product/lost-mary-mt20-000-sour-straw-dragon/"
"LOST MARY MT20.000","STRAW KIWI","7,00","Agotado","https://italiashop.com.py/product/lost-mary-mt20-000-straw-kiwi/"
"LOST MARY MT20.000","STRAWMELON PEACH","7,00","En stock","https://italiashop.com.py/product/lost-mary-mt20-000-strawmelon-peach/"
"LOST MARY MT20.000","SUMMER GRAPE","7,00","En stock","https://italiashop.com.py/product/lost-mary-mt20-000-summer-grape/"
"LOST MARY MT20.000","TOASTED BANANA","7,00","Agotado","https://italiashop.com.py/product/lost-mary-mt20-000-toasted-banana/"
"LOST MARY MT20.000","WATERMELON ICE","7,00","Agotado","https://italiashop.com.py/product/lost-mary-mt20-000-watermelon-ice/"
"LOST MARY MT20.000","WINTER MINT","7,00","En stock","https://italiashop.com.py/product/lost-mary-mt20-000-winter-mint/"
"MASKKING FLAVOR X 50K","BLUEBERRY ICE","10,25","Agotado","https://italiashop.com.py/product/maskking-flavor-x-50k-blueberry-ice/"
"MASKKING FLAVOR X 50K","BLUEBERRY WATER ICE","10,25","Agotado","https://italiashop.com.py/product/maskking-flavor-x-50k-blueberry-water-ice/"
"MASKKING FLAVOR X 50K","BLUERAZZ ICE","10,25","Agotado","https://italiashop.com.py/product/maskking-flavor-x-50k-bluerazz-ice/"
"MASKKING FLAVOR X 50K","GRAPE ICE","10,25","Agotado","https://italiashop.com.py/product/maskking-flavor-x-50k-grape-ice/"
"MASKKING FLAVOR X 50K","MEXICAN MANGO ICE","10,25","Agotado","https://italiashop.com.py/product/maskking-flavor-x-50k-mexican-mango-ice/"
"MASKKING FLAVOR X 50K","MIAMI MINT","10,25","Agotado","https://italiashop.com.py/product/maskking-flavor-x-50k-miami-mint/"
"MASKKING FLAVOR X 50K","PEACH ICE","10,25","Agotado","https://italiashop.com.py/product/maskking-flavor-x-50k-peach-ice/"
"MASKKING FLAVOR X 50K","PINEAPPLE ICE","10,25","Agotado","https://italiashop.com.py/product/maskking-flavor-x-50k-pineapple-ice/"
"MASKKING FLAVOR X 50K","STRAW GRAPE ICE","10,25","Agotado","https://italiashop.com.py/product/maskking-flavor-x-50k-straw-grape-ice/"
"MASKKING FLAVOR X 50K","STRAW WATER","10,25","Agotado","https://italiashop.com.py/product/maskking-flavor-x-50k-straw-water/"
"MASKKING FLAVOR X 50K","WATERMELON ICE","10,25","Agotado","https://italiashop.com.py/product/maskking-flavor-x-50k-watermelon-ice/"
"MASKKING ICEX 40K","APPLE PEAR MELOD","9,50","Agotado","https://italiashop.com.py/product/maskking-icex-40k-apple-pear-melod/"
"MASKKING ICEX 40K","COFFEE GUM BLISS","9,50","Agotado","https://italiashop.com.py/product/maskking-icex-40k-coffee-gum-bliss/"
"MASKKING ICEX 40K","ESPRESSO VELVET","9,50","Agotado","https://italiashop.com.py/product/maskking-icex-40k-espresso-velvet/"
"MASKKING MIBO 35K","BLUE RAZZ ICE","7,60","En stock","https://italiashop.com.py/product/maskking-mibo-35k-blue-razz-ice/"
"MASKKING MIBO 35K","BLUEBERRY ICE","8,25","Agotado","https://italiashop.com.py/product/maskking-mibo-35k-blueberry-ice/"
"MASKKING MIBO 35K","CHERRY COLA","7,60","En stock","https://italiashop.com.py/product/maskking-mibo-35k-cherry-cola/"
"MASKKING MIBO 35K","COOL MINT","7,60","En stock","https://italiashop.com.py/product/maskking-mibo-35k-cool-mint/"
"MASKKING MIBO 35K","GRAPE ICE","8,25","En stock","https://italiashop.com.py/product/maskking-mibo-35k-grape-ice/"
"MASKKING MIBO 35K","MANGO PEACH ICE","7,60","En stock","https://italiashop.com.py/product/maskking-mibo-35k-mango-peach-ice/"
"MASKKING MIBO 35K","PASS MELON FREEZE","7,60","En stock","https://italiashop.com.py/product/maskking-mibo-35k-pass-melon-freeze/"
"MASKKING MIBO 35K","PINEAPPLE ICE","7,60","En stock","https://italiashop.com.py/product/maskking-mibo-35k-pineapple-ice/"
"MASKKING MIBO 35K","POMEGRANATE LEMON","7,60","En stock","https://italiashop.com.py/product/maskking-mibo-35k-pomegranate-lemon/"
"MASKKING MIBO 35K","RASPBERRY WATER","7,60","En stock","https://italiashop.com.py/product/maskking-mibo-35k-raspberry-water/"
"MASKKING MIBO 35K","STRAW BANANA ICE","7,60","En stock","https://italiashop.com.py/product/maskking-mibo-35k-straw-banana-ice/"
"MASKKING MIBO 35K","STRAW KIWI ICE","8,25","Agotado","https://italiashop.com.py/product/maskking-mibo-35k-straw-kiwi-ice/"
"MASKKING MIBO 35K","STRAW MANGO ICE","7,60","En stock","https://italiashop.com.py/product/maskking-mibo-35k-straw-mango-ice/"
"MASKKING MIBO 35K","STRAW RASPBERRY CHERRY","8,25","Agotado","https://italiashop.com.py/product/maskking-mibo-35k-straw-raspberry-cherry/"
"MASKKING MIBO 35K","STRAWBERRY ICE","8,25","Agotado","https://italiashop.com.py/product/maskking-mibo-35k-strawberry-ice/"
"MASKKING MIBO 35K","STRAWBERRY WATER ICE","7,60","En stock","https://italiashop.com.py/product/maskking-mibo-35k-strawberry-water-ice/"
"MASKKING MIBO 35K","WATER BUBBLE ICE","8,25","Agotado","https://italiashop.com.py/product/maskking-mibo-35k-water-bubble-ice/"
"MASKKING MIBO 35K","WATERMELON ICE","8,25","Agotado","https://italiashop.com.py/product/maskking-mibo-35k-watermelon-ice/"
"NIKBAR 10000","ALOE GRAPE","6,50","Agotado","https://italiashop.com.py/product/nikbar-10000-aloe-grape/"
"NIKBAR 10000","ARTIC GUM","6,00","En stock","https://italiashop.com.py/product/nikbar-10000-artic-gum/"
"NIKBAR 10000","BANANA ICE","6,00","En stock","https://italiashop.com.py/product/nikbar-10000-banana-ice/"
"NIKBAR 10000","BLUEBERRY ICE","6,00","En stock","https://italiashop.com.py/product/nikbar-10000-blueberry-ice/"
"NIKBAR 10000","BLUEBERRY RASPBERR","6,50","Agotado","https://italiashop.com.py/product/nikbar-10000-blueberry-raspberr/"
"NIKBAR 10000","CHERRY WATERMELON","6,00","En stock","https://italiashop.com.py/product/nikbar-10000-cherry-watermelon/"
"NIKBAR 10000","FRESH MINT","6,50","Agotado","https://italiashop.com.py/product/nikbar-10000-grape-ice/"
"NIKBAR 10000","GRAPE APPLE ICE","6,50","Agotado","https://italiashop.com.py/product/nikbar-10000-grape-apple/"
"NIKBAR 10000","GRAPE ICE","6,00","En stock","https://italiashop.com.py/product/nikbar-10000-grape-ice-2/"
"NIKBAR 10000","GRAPE STRAWBERRY ICE","6,50","Agotado","https://italiashop.com.py/product/nikbar-10000-grape-strawberry-ice/"
"NIKBAR 10000","GREEN APPLE","6,50","Agotado","https://italiashop.com.py/product/nikbar-10000-green-apple/"
"NIKBAR 10000","ICY MINT","6,00","En stock","https://italiashop.com.py/product/nikbar-10000-icy-mint/"
"NIKBAR 10000","MENTHOL","6,00","En stock","https://italiashop.com.py/product/nikbar-10000-menthol-2/"
"NIKBAR 10000","MIAMI MINT","6,00","En stock","https://italiashop.com.py/product/nikbar-10000-miami-mint/"
"NIKBAR 10000","PASS SOUR KIWI","6,00","En stock","https://italiashop.com.py/product/nikbar-10000-menthol/"
"NIKBAR 10000","PASSION FRUIT ICE MINT","6,00","En stock","https://italiashop.com.py/product/nikbar-10000-passion-fruit-ice-mint/"
"NIKBAR 10000","PINEAPPLE ICE","6,00","En stock","https://italiashop.com.py/product/nikbar-10000-pineapple-ice/"
"NIKBAR 10000","SAKURA GRAPE","6,00","En stock","https://italiashop.com.py/product/nikbar-10000-sakura-grape/"
"NIKBAR 10000","SPEARMINT GRAPE","6,00","En stock","https://italiashop.com.py/product/nikbar-10000-spearmint-grape/"
"NIKBAR 10000","SPEARMINT GUM","6,00","En stock","https://italiashop.com.py/product/nikbar-10000-spearmint-gum/"
"NIKBAR 10000","SPEARMINT STRAWBERRY","6,00","En stock","https://italiashop.com.py/product/nikbar-10000-spearmint-strawberry/"
"NIKBAR 10000","STONE FREEZE","6,00","En stock","https://italiashop.com.py/product/nikbar-10000-stone-freeze/"
"NIKBAR 10000","STRAWBERRY APPLE WATERMELON","6,50","Agotado","https://italiashop.com.py/product/nikbar-10000-strawberry-apple-watermelon/"
"NIKBAR 10000","STRAWBERRY BANANA","6,50","Agotado","https://italiashop.com.py/product/nikbar-10000-strawberry-banana/"
"NIKBAR 10000","STRAWBERRY ICE","6,00","En stock","https://italiashop.com.py/product/nikbar-10000-strawberry-ice/"
"NIKBAR 10000","STRAWBERRY KIWI","6,00","En stock","https://italiashop.com.py/product/nikbar-10000-strawberry-kiwi/"
"NIKBAR 10000","WATERMELON BUBBLEGUM","6,50","Agotado","https://italiashop.com.py/product/nikbar-10000-watermelon-bubblegum/"
"NIKBAR 10000","WATERMELON ICE","6,00","En stock","https://italiashop.com.py/product/nikbar-10000-watermelon-ice/"
"NIKBAR 10000","WATERMELON MINT","6,00","En stock","https://italiashop.com.py/product/nikbar-10000-watermelon-mint/"
"NIKBAR 10000","WATERMELON SOUR","6,50","Agotado","https://italiashop.com.py/product/nikbar-10000-watermelon-sour/"
"NIKBAR 25000","BLUEBERRY WATERMELON","10,50","Agotado","https://italiashop.com.py/product/nikbar-25000-blueberry-watermelon/"
"NIKBAR 30000","BLUEBERRY ICE","8,00","Agotado","https://italiashop.com.py/product/nikbar-30000-blueberry-ice/"
"NIKBAR 30000","CHERRY BANANA","8,00","Agotado","https://italiashop.com.py/product/nikbar-30000-cherry-banana/"
"NIKBAR 30000","FRESH MINT","8,00","En stock","https://italiashop.com.py/product/nikbar-30000-fresh-mint/"
"NIKBAR 30000","GRAPE ICE","8,00","Agotado","https://italiashop.com.py/product/nikbar-30000-grape-ice/"
"NIKBAR 30000","ICY MINT","8,00","Agotado","https://italiashop.com.py/product/nikbar-30000-icy-mint/"
"NIKBAR 30000","MENTHOL","8,00","En stock","https://italiashop.com.py/product/nikbar-30000-menthol/"
"NIKBAR 30000","MIAMI MINT","8,00","En stock","https://italiashop.com.py/product/nikbar-30000-miami-mint/"
"NIKBAR 30000","PASSION FRUIT SOUR KIWI","8,00","En stock","https://italiashop.com.py/product/nikbar-30000-passion-fruit-sour-kiwi/"
"NIKBAR 30000","SAKURA GRAPE","8,00","Agotado","https://italiashop.com.py/product/nikbar-30000-sakura-grape/"
"NIKBAR 30000","SOUR APPLE ICE","8,00","Agotado","https://italiashop.com.py/product/nikbar-30000-sour-apple-ice/"
"NIKBAR 30000","STRAWBERRY APPLE WATERMELON","8,00","Agotado","https://italiashop.com.py/product/nikbar-30000-strawberry-apple-watermelon/"
"NIKBAR 30000","STRAWBERRY ICE","8,00","Agotado","https://italiashop.com.py/product/nikbar-30000-strawberry-ice/"
"NIKBAR 30000","STRAWBERRY KIWI","8,00","Agotado","https://italiashop.com.py/product/nikbar-30000-strawberry-kiwi/"
"NIKBAR 30000","WATERMELON ICE","8,00","Agotado","https://italiashop.com.py/product/nikbar-30000-watermelon-ice/"
"NIKBAR 40K ICE NIC","BANANA ICE","10,50","Agotado","https://italiashop.com.py/product/nikbar-40k-ice-nic-banana-ice/"
"NIKBAR 40K T.CHILL","ICE MINT","10,00","Agotado","https://italiashop.com.py/product/nikbar-40k-t-chill-ice-mint/"
"NIKBAR 40K T.CHILL","MENTHOL","10,00","Agotado","https://italiashop.com.py/product/nikbar-40k-t-chill-menthol/"
"NIKBAR 40K T.CHILL","PINEAPPLE ICE","10,00","Agotado","https://italiashop.com.py/product/nikbar-40k-t-chill-pineapple-ice/"
"OXBAR 30000 MAGIC MAZE 2","BLUE RASPB LEMON","9,50","Agotado","https://italiashop.com.py/product/oxbar-30000-magic-maze-2-blue-raspb-lemon/"
"OXBAR 35K ICE+NIC","STRAWBERRY ORANGE POP","10,80","Agotado","https://italiashop.com.py/product/oxbar-35k-icenic-strawberry-orange-pop/"
"OXBAR 50K INVIS VAPOR 3IN1","GRAPE ICE","12,00","Agotado","https://italiashop.com.py/product/oxbar-50k-invis-vapor-3in1-grape-ice/"
"OXBAR 50K INVIS VAPOR 3IN1","ICY MINT","12,00","Agotado","https://italiashop.com.py/product/oxbar-50k-invis-vapor-3in1-icy-mint/"
"OXBAR 50K INVIS VAPOR 3IN1","MENTHOL","12,00","Agotado","https://italiashop.com.py/product/oxbar-50k-invis-vapor-3in1-menthol/"
"OXBAR 50K INVIS VAPOR 3IN1","PASSIONFRUIT SOUR KIWI","12,00","Agotado","https://italiashop.com.py/product/oxbar-50k-invis-vapor-3in1-passionfruit-sour-kiwi/"
"OXBAR 50K INVIS VAPOR 3IN1","PINEAPPLE ICE","12,00","Agotado","https://italiashop.com.py/product/oxbar-50k-invis-vapor-3in1-pineapple-ice/"
"OXBAR 50K INVIS VAPOR 3IN1","PINEAPPLE KIWI DRAGON","12,00","Agotado","https://italiashop.com.py/product/oxbar-50k-invis-vapor-3in1-pineapple-kiwi-dragon/"
"OXBAR 50K INVIS VAPOR 3IN1","STRAWBERRY GRAPE","12,00","Agotado","https://italiashop.com.py/product/oxbar-50k-invis-vapor-3in1-strawberry-grape/"
"OXBAR 50K INVIS VAPOR 3IN1","STRAWBERRY KIWI","12,00","Agotado","https://italiashop.com.py/product/oxbar-50k-invis-vapor-3in1-strawberry-kiwi/"
"OXBAR X15","ALOE GRAPE ICE","7,25","Agotado","https://italiashop.com.py/product/oxbar-x15k-aloe-grape-ice/"
"OXBAR X15K","BLUEBERRY ICE","7,25","Agotado","https://italiashop.com.py/product/oxbar-x15k-blueberry-ice/"
"OXBAR X15K","COOL MINT","7,25","Agotado","https://italiashop.com.py/product/oxbar-x15k-cool-mint/"
"OXBAR X15K","GRAPE ICE","7,25","Agotado","https://italiashop.com.py/product/oxbar-x15k-grape-ice/"
"OXBAR X15K","GRAPE LYCHEE","7,25","Agotado","https://italiashop.com.py/product/oxbar-x15k-grape-lychee/"
"OXBAR X15K","MIX BERRIES ICE","7,25","Agotado","https://italiashop.com.py/product/oxbar-x15k-mix-berries-ice/"
"OXBAR X15K","STRAWBERRY PEACH ICE","7,25","Agotado","https://italiashop.com.py/product/oxbar-x15k-strawberry-peach-ice/"
"OXBAR X15K","STRAWBERRY WATERMELON ICE","7,25","Agotado","https://italiashop.com.py/product/oxbar-x15k-strawberry-watermelon-ice/"
"OXBAR X15K","WATERMELON SLUSHIE","7,25","Agotado","https://italiashop.com.py/product/oxbar-x15k-watermelon-slushie/"
"SMOK PRIVBAR TU 15K","BLACKBERRY PEACH LEMON","5,50","Agotado","https://italiashop.com.py/product/smok-privbar-tu-15k-blackberry-peach-lemon/"
"SMOK PRIVBAR TU 15K","HONDULU BLUE","5,50","Agotado","https://italiashop.com.py/product/smok-privbar-tu-15k-hondulu-blue/"
"SMOK PRIVBAR TU 15K","PEACH BERRY ICE","5,50","Agotado","https://italiashop.com.py/product/smok-privbar-tu-15k-peach-berry-ice/"
"SMOK PRIVBAR TU 15K","TROPICAL LIME BLAST","4,75","Agotado","https://italiashop.com.py/product/smok-privbar-tu-15k-triple-mango/"
"VAPORESSO DOJO X 40K","BAJA SPLASH","8,00","En stock","https://italiashop.com.py/product/vaporesso-dojo-x-40k-baja-splash/"
"VAPORESSO DOJO X 40K","BERRY BLAST TRIAD","8,00","En stock","https://italiashop.com.py/product/vaporesso-dojo-x-40k-berry-blast-triad/"
"VAPORESSO DOJO X 40K","BLUE RAZZ ICE","8,00","En stock","https://italiashop.com.py/product/vaporesso-dojo-x-40k-blue-razz-ice/"
"VAPORESSO DOJO X 40K","BLUE STAR","8,00","En stock","https://italiashop.com.py/product/vaporesso-dojo-x-40k-blue-star/"
"VAPORESSO DOJO X 40K","FRESH BERRY ORANGE","8,00","En stock","https://italiashop.com.py/product/vaporesso-dojo-x-40k-fresh-berry-orange/"
"VAPORESSO DOJO X 40K","FRESH SPLASH","8,00","En stock","https://italiashop.com.py/product/vaporesso-dojo-x-40k-fresh-splash/"
"VAPORESSO DOJO X 40K","FROSTY BANANA TAFFY","8,00","En stock","https://italiashop.com.py/product/vaporesso-dojo-x-40k-frosty-banana-taffy/"
"VAPORESSO DOJO X 40K","FROZEN GRAPEFRUIT","8,00","En stock","https://italiashop.com.py/product/vaporesso-dojo-x-40k-frozen-grapefruit/"
"VAPORESSO DOJO X 40K","FUCKING FAB","8,00","En stock","https://italiashop.com.py/product/vaporesso-dojo-x-40k-fucking-fab/"
"VAPORESSO DOJO X 40K","GRAPE MOJO","8,00","En stock","https://italiashop.com.py/product/vaporesso-dojo-x-40k-grape-mojo/"
"VAPORESSO DOJO X 40K","HAWAIAN DREAM","8,00","En stock","https://italiashop.com.py/product/vaporesso-dojo-x-40k-hawaian-dream/"
"VAPORESSO DOJO X 40K","MEXICO MANGO","8,00","En stock","https://italiashop.com.py/product/vaporesso-dojo-x-40k-mexico-mango/"
"VAPORESSO DOJO X 40K","MIAMI MINT","8,00","En stock","https://italiashop.com.py/product/vaporesso-dojo-x-40k-miami-mint/"
"VAPORESSO DOJO X 40K","PEACH SMASH","8,00","En stock","https://italiashop.com.py/product/vaporesso-dojo-x-40k-peach-smash/"
"VAPORESSO DOJO X 40K","PINK LEMONADE","8,00","Agotado","https://italiashop.com.py/product/vaporesso-dojo-x-40k-pink-lemonade/"
"VAPORESSO DOJO X 40K","RASPBERRY PEACH LIME","8,00","En stock","https://italiashop.com.py/product/vaporesso-dojo-x-40k-raspberry-peach-lime/"
"VAPORESSO DOJO X 40K","SOUR APPLE B-POP","8,00","Agotado","https://italiashop.com.py/product/vaporesso-dojo-x-40k-sour-apple-b-pop/"
"VAPORESSO DOJO X 40K","SOUR BATCH WATERMELON PEACH","8,00","En stock","https://italiashop.com.py/product/vaporesso-dojo-x-40k/"
"VAPORESSO DOJO X 40K","SOUR GUSH","8,00","En stock","https://italiashop.com.py/product/vaporesso-dojo-x-40k-sour-gush/"
"VAPORESSO DOJO X 40K","STRAWBERRY KIWI","8,00","En stock","https://italiashop.com.py/product/vaporesso-dojo-x-40k-strawberry-kiwi/"
"VAPORESSO DOJO X 40K","STRAWBERRY SLAM DUNK","8,00","En stock","https://italiashop.com.py/product/vaporesso-dojo-x-40k-strawberry-slam-dunk/"
"VAPORESSO DOJO X 40K","TROPICAL BOOM","8,00","En stock","https://italiashop.com.py/product/vaporesso-dojo-x-40k-tropical-boom/"
"VAPORESSO DOJO X 40K","WATERMELON ICE","8,00","En stock","https://italiashop.com.py/product/vaporesso-dojo-x-40k-watermelon-ice/"
"VAPORESSO DOJO X 40K","WHITE GUMMY","8,00","En stock","https://italiashop.com.py/product/vaporesso-dojo-x-40k-white-gummy/"